LAT_DEG,LONG_DEG,As
22.8731,90.7844,13
23.0194,90.8786,256
22.965,90.9597,38
22.9253,90.9744,8
22.8653,90.9372,6
22.8525,90.9058,6
22.8567,90.8642,15
22.9322,90.7767,65
22.9347,90.8294,6
22.9414,90.8644,142
23.5331,89.79,41
23.5347,89.8675,162
23.5969,89.8769,57
23.6603,89.7639,245
23.5825,89.8403,6
23.5872,89.8133,6
23.6669,89.8369,6
23.5753,89.7178,132
23.6139,89.7936,10
23.5819,89.835,6
24.6017,88.2767,35
24.6403,88.3783,6
24.6372,88.2381,6
24.6883,88.2633,6
24.6525,88.3139,6
24.5736,88.2067,8
24.5228,88.2683,6
24.5022,88.1817,14
24.4844,88.245,6
24.6114,88.3478,6
23.642,90.609,324
23.723,90.522,6
23.84,90.634,6
23.688,90.522,6
23.667,90.48,6
23.812,90.217,6
23.617,90.499,9
23.615,90.51,6
23.902,89.986,6
23.847,89.829,41
23.968,89.83,46
23.771,89.915,60
23.856,89.939,89
23.99,90.044,20
23.919,90.214,6
23.835,90.261,6
23.696,90.347,6
23.616,90.125,184
23.651,90.132,133
22.966,89.479,6
22.737,89.519,6
22.576,89.325,130
22.811,89.038,109
22.932,89.668,114
22.576,89.499,12
22.8,89.645,89
22.837,89.55,6
22.887,89.535,6
22.871,89.508,73
22.819,89.421,6
22.778,89.706,121
22.52,89.021,100
22.639,89.041,176
22.824,89.748,124
22.546,89.652,505
23.373,89.371,78
22.86,89.04,147
22.343,89.112,6
22.75,89.259,106
22.538,89.24,155
22.763,89.855,217
22.565,89.845,92
22.311,89.846,6
22.642,89.814,301
23.402,89.602,61
23.17,89.042,111
23.042,89.391,136
23.27,89.246,9
23.419,88.821,30
23.399,88.977,45
23.734,89.208,6
23.611,89.021,71
23.863,89.244,6
22.722,89.847,59
22.55,89.59,6
23.121,89.649,152
23.589,89.397,6
24.009,88.876,6
23.769,89.256,6
24.018,89.007,6
23.07,89.559,6
23.12,88.974,54
22.906,89.216,166
23.603,88.774,50
23.678,88.869,41
23.781,88.734,33
23.404,89.221,55
23.181,89.543,198
23.26,89.024,49
22.963,89.23,168
23.222,89.408,152
23.76,88.942,35
23.352,88.918,74
23.659,88.62,72
23.476,89.146,6
23.93,89.083,6
22.35,90.579,6
22.97,90.159,6
22.414,90.566,6
22.358,90.342,6
22.041,89.972,11
22.626,90.061,6
22.359,90.216,6
21.951,90.183,6
21.982,90.088,6
22.416,90.166,6
23.076,90.436,248
22.257,90.416,6
22.172,90.092,6
22.308,90.096,6
22.488,90.067,6
22.516,89.996,6
22.568,90.148,17
22.647,90.231,16
22.639,90.18,7
22.402,90.127,6
23.138,90.444,77
23.229,90.533,30
23.2,90.469,49
23.301,90.409,275
22.906,89.899,22
23.144,89.763,76
23.186,90.339,6
22.987,90.006,193
23.317,89.871,6
23.298,89.701,203
23.327,89.71,74
23.387,89.984,238
23.698,89.719,161
23.331,90.324,72
22.994,89.816,188
23.472,90.029,272
23.795,89.421,8
23.481,89.498,61
23.419,89.897,188
23.554,89.934,220
22.808,90.306,6
24.82,88.225,6
24.821,88.144,6
24.688,88.45,6
24.755,88.304,6
24.468,88.322,6
24.553,88.583,6
24.361,88.706,21
24.511,88.625,6
24.367,88.687,6
24.299,88.966,6
24.202,88.999,6
24.319,89.192,6
24.368,89.237,6
24.37,89.054,6
24.225,89.296,6
24.087,89.227,6
24.072,89.626,10
24.159,89.448,6
24.218,89.396,6
24.028,89.251,6
24.16,89.026,9
23.614,91.102,6
23.536,90.716,411
23.489,91.007,118
23.713,90.878,278
23.18,91.244,64
23.207,90.688,641
23.553,91.128,9
23.702,91.047,127
23.225,91.317,6
23.682,90.784,73
23.235,91.117,98
23.425,91.134,6
23.34,90.89,30
23.432,90.604,391
23.136,90.746,6
23.097,90.86,6
23.391,91.101,6
23.25,90.878,194
23.086,90.644,6
22.651,90.92,6
23.031,90.694,375
22.381,90.686,6
22.829,91.094,143
23.191,90.958,233
22.87,91.276,33
23.039,91.52,13
22.413,90.851,6
22.945,91.06,66
23.061,90.969,71
22.879,91.235,6
23.029,91.404,16
23.188,91.435,22
22.958,91.289,98
21.971,91.955,6
22.343,91.804,6
22.349,91.837,6
23.067,91.4353,6
22.936,91.376,166
22.228,91.902,8
22.361,91.804,6
22.29,91.783,16
21.619,92.069,6
21.247,92.138,6
21.521,91.97,6
22.368,91.843,6
22.347,91.852,80
20.875,92.295,6
21.426,92.009,6
24.43,91.904,254
24.431,91.934,8
24.814,91.759,53
24.88,92.369,80
24.593,91.691,133
24.522,91.859,91
24.652,91.823,139
24.822,92.122,6
24.308,91.738,15
24.691,92.188,6
24.697,91.937,6
24.831,92.044,6
25.01,92.258,151
25.089,91.76,73
25.057,91.39,50
25.031,91.663,246
25.135,92.132,6
24.99,92.046,6
24.89,91.873,6
24.794,91.578,23
24.195,91.522,6
24.317,91.328,6
24.289,91.566,6
24.098,91.322,6
24.397,91.427,17
24.575,91.513,50
24.122,91.083,8
23.984,91.109,105
23.672,91.159,8
24.196,91.198,6
23.866,91.214,6
23.467,90.334,133
23.542,90.607,120
23.572,90.374,529
23.488,90.551,6
23.552,90.209,104
23.543,90.463,263
23.769,90.76,115
23.808,90.888,326
22.613,91.645,151
22.777,91.57,229
21.427,92.083,6
23.746,90.545,0.5
25.091,91.984,21.3
22.803,89.579,0.5
23.041,89.635,20.9
22.651,89.882,18.8
22.747,89.84,176
23.113,89.5,1.5
23.486,89.421,37.5
22.715,90.352,279
22.893,90.506,1.5
23.546,89.163,26.3
23.967,89.043,26.5
23.051,90.201,26.4
22.536,90.35,0.5
22.773,90.142,11.5
22.821,90.252,2
22.143,90.21,1.1
22.707,89.977,270
22.819,90.473,2.6
22.814,90.363,35.4
22.391,89.991,1.4
22.743,90.099,1.1
22.372,90.093,0.5
22.456,90.102,5.4
23.341,90.173,4.7
23.453,90.203,375
23.205,90.05,3.5
23.081,90.302,2
23.633,89.551,4.7
23.482,89.881,99.6
23.725,89.753,10.1
24.681,88.169,3.6
24.532,88.759,1.3
24.294,88.74,15.7
24.227,88.758,0.5
24.427,88.771,0.5
23.942,89.41,0.5
24.042,89.542,21
23.831,90.9,406
23.169,91.129,350
22.491,90.711,1
22.683,90.648,163
22.164,90.758,2.7
22.628,90.662,1.2
23.624,90.611,224
23.673,90.631,311
23.727,90.634,175
23.754,90.582,0.5
23.755,90.581,0.5
23.778,90.526,0.5
23.831,90.554,0.5
23.875,90.581,31.9
23.865,90.551,0.7
23.787,90.605,180
23.787,90.659,70.8
23.788,90.705,1.1
23.779,90.678,0.5
23.751,90.667,76.6
23.7,90.516,1.1
23.717,90.512,0.5
23.649,90.476,0.5
23.764,90.165,9.6
23.772,90.205,0.8
23.817,90.122,1.9
23.833,90.085,45.6
23.607,90.496,0.5
23.591,90.501,25.7
23.652,90.524,3.1
23.869,90.023,12.9
23.851,90.001,43.6
23.88,90.071,12.8
23.816,90.062,4.6
23.802,90.02,9.1
23.757,90.019,51.9
23.847,89.829,14.8
23.897,89.8,43.2
23.867,89.775,5.9
23.823,89.792,30.4
23.836,89.872,4.7
23.968,89.83,0.5
23.744,89.978,65
23.748,90.016,12.9
23.764,89.962,82.7
23.771,89.91,88.8
23.774,89.9,1
23.877,89.91,20.2
23.893,89.878,15.4
23.926,89.859,35
23.893,89.89,18.6
23.871,89.839,30.6
23.801,89.96,20.1
23.975,89.906,14.7
23.947,89.931,0.8
23.919,89.835,13.2
23.937,89.783,12.2
23.991,90.044,2.9
23.972,90.041,18.2
23.972,89.992,3.6
23.994,89.96,8.2
23.969,89.967,0.5
23.95,90.023,31.2
23.917,90.034,0.5
23.918,89.979,62.8
23.899,90.041,14.9
23.906,90.194,0.5
23.926,90.179,3.6
23.995,90.081,21.2
23.961,90.082,5.9
23.946,90.115,29.9
23.92,90.139,3.6
23.893,90.13,107
23.834,90.26,1
23.88,90.268,0.5
23.91,90.301,0.5
23.933,90.308,0.5
23.991,90.248,0.5
23.911,90.234,0.5
23.79,90.269,0.5
23.794,90.293,0.5
23.73,90.339,13.3
23.73,90.317,0.5
23.732,90.276,43.3
23.687,90.287,98.4
23.686,90.308,0.5
23.701,90.384,0.5
23.667,90.434,0.5
23.632,90.081,262
23.642,90.047,11.7
23.595,90.139,107
23.577,90.148,65
23.538,90.176,81.1
23.659,90.166,94.2
23.644,90.179,95.6
23.631,90.21,58.7
23.622,90.226,70.4
23.649,90.204,262
23.641,90.215,81.2
24.382,91.903,0.5
24.405,91.858,47.1
24.404,91.846,7.3
24.315,91.843,0.5
24.354,91.846,13.8
24.321,91.855,0.5
24.278,91.864,18.4
24.356,91.858,8.7
24.518,91.976,17.6
24.566,91.978,3.4
24.502,92.03,7.4
24.502,92.03,32.2
24.528,92.038,39
24.459,92.152,0.5
24.487,92.144,0.5
24.59,92.118,2.2
24.562,92.162,0.5
24.84,91.768,0.5
24.814,91.759,2.7
24.859,91.731,2.1
24.79,91.661,29.9
24.784,91.713,23
24.916,91.722,10
24.878,92.37,0.5
24.891,92.373,29.3
24.944,92.385,50.8
24.577,91.689,74.5
24.484,91.682,58.5
24.486,91.633,23.7
24.461,91.65,27.6
24.49,91.75,11.5
24.412,91.758,3.8
24.485,91.767,4.5
24.519,91.779,56.9
24.484,91.781,1.1
24.605,91.85,7.3
24.556,91.853,25
24.622,91.929,1.5
24.597,91.903,0.6
24.517,91.897,0.5
24.482,91.894,0.5
24.5,91.815,0.5
24.705,91.802,10.1
24.712,91.799,17.1
24.632,91.688,157
24.67,91.749,71.9
24.719,91.695,29.8
24.718,91.695,19.4
24.75,91.829,26.8
24.754,91.786,24.1
24.797,92.12,1.6
24.812,92.181,0.5
24.31,91.741,3.1
24.259,91.737,0.5
24.211,91.696,3.7
24.271,91.646,4.2
24.4,91.637,9.5
24.3,91.666,21.4
24.373,91.751,14.6
24.69,92.188,1.8
24.793,92.241,0.5
24.739,92.208,1.5
24.749,92.143,0.5
24.667,92.192,2.5
24.655,92.148,18.4
24.573,92.167,1.7
24.697,91.943,0.5
24.684,91.983,0.5
24.656,91.987,0.5
24.665,91.944,0.5
24.741,91.926,12.4
24.792,92.034,0.5
24.754,92.022,0.5
24.8,91.985,0.5
24.815,91.971,2.7
24.848,91.936,5.9
24.848,92.023,4.6
24.848,92.023,4.8
25.044,92.2,50.1
24.908,92.129,5.5
24.912,92.139,5
24.99,92.348,11
24.995,92.271,35.8
25.108,91.762,8.6
25.108,91.761,24.7
25.044,91.804,24.8
24.944,92.442,83.3
24.892,92.485,0.5
24.874,92.436,35.7
24.94,92.23,3.3
25.134,91.95,58
25.043,91.988,20.2
24.996,91.992,6.2
24.926,91.494,60.7
24.887,91.479,36
24.916,91.428,55.9
24.922,91.411,51.7
24.876,91.351,44.4
24.978,91.368,27.2
25.093,91.428,32.8
24.939,91.685,15.9
24.999,91.664,8.2
24.927,91.692,24.3
24.796,92.166,0.5
24.855,92.185,5.2
24.88,92.214,51.9
24.898,92.14,0.5
25.155,92.021,0.5
25.156,92.108,14.3
25.092,92.107,19
25.064,92.116,6.7
25.065,92.151,1.5
24.91,91.77,9.2
24.923,91.876,0.5
24.919,91.961,7.1
24.89,91.892,0.5
24.87,91.914,0.5
24.802,91.915,29.7
24.814,91.864,0.5
24.804,91.547,19.4
24.767,91.532,15.8
24.753,91.571,10.8
24.723,91.574,1.9
24.77,91.555,12.5
24.787,91.638,33.8
24.791,91.664,34.7
24.926,91.511,58.7
24.942,91.589,37.2
24.939,91.651,28.1
25.077,91.779,70.3
24.992,91.853,0.5
25.064,91.87,61.4
24.092,91.581,1.3
24.15,91.55,0.5
24.258,91.536,34.2
24.271,91.476,33.3
24.269,91.479,20.3
24.193,91.431,0.5
24.142,91.487,0.5
24.306,91.3,1.6
24.286,91.26,39.6
24.261,91.254,10.6
24.274,91.283,0.5
24.298,91.518,19.1
24.369,91.572,0.5
24.363,91.523,16
24.098,91.289,0.5
24.105,91.273,11
24.048,91.359,0.5
24.157,91.352,0.5
24.2,91.317,0.5
24.213,91.363,0.5
24.355,91.447,17.3
24.307,91.432,8.1
24.275,91.364,0.5
24.303,91.45,18.7
24.351,91.369,0.5
24.383,91.413,2
24.378,91.414,1.8
24.575,91.513,10.7
24.628,91.541,25.6
24.612,91.629,4.4
24.572,91.603,0.5
24.469,91.574,0.5
24.542,91.56,6.7
24.489,91.474,12.1
24.088,91.098,0.5
24.072,91.11,0.5
24.064,91.18,2
24.05,91.176,11.9
24.045,91.067,316
23.708,91.139,1.7
23.748,91.138,0.5
23.77,91.071,105
23.746,91.078,24.7
23.791,91.175,0.5
23.77,91.112,0.5
23.811,91.125,5.6
24.039,91.005,382
23.985,90.979,42.2
24.419,91.539,5.8
24.426,91.609,0.5
24.285,91.495,38.5
24.231,91.245,0.8
24.216,91.223,0.5
24.164,91.229,357
24.139,91.192,0.5
24.154,91.153,0.8
23.895,91.228,0.5
23.808,91.204,0.5
23.84,91.153,110
23.836,91.198,0.5
23.838,91.238,5.8
23.865,91.214,0.5
23.98,91.111,0.5
24.04,91.143,31.5
24.071,91.26,0.5
23.971,91.264,0.5
23.945,91.214,0.5
24.024,91.09,68.4
23.924,91.117,0.5
23.866,91.149,230
23.904,91.22,0.5
23.468,90.333,87.6
23.481,90.367,318
23.468,90.321,274
23.478,90.305,111
23.473,90.279,347
23.474,90.256,192
23.544,90.624,293
23.56,90.653,188
23.54,90.673,47.9
23.594,90.63,312
23.588,90.6,224
23.572,90.374,14.3
23.543,90.389,501
23.556,90.428,253
23.571,90.424,458
23.603,90.359,218
23.627,90.312,187
23.614,90.335,129
23.688,90.557,0.5
23.661,90.569,1.4
23.545,90.499,4.5
23.519,90.505,56.3
23.524,90.514,11.7
23.488,90.511,57.6
23.565,90.518,11.7
23.521,90.209,143
23.519,90.257,475
23.539,90.289,193
23.516,90.287,319
23.546,90.337,517
23.576,90.307,130
23.596,90.272,167
23.519,90.443,292
23.501,90.438,216
23.505,90.468,226
23.474,90.456,212
23.489,90.469,70.2
23.429,90.493,76.1
23.441,90.491,76.8
23.472,90.501,108
23.542,90.533,2.4
23.542,90.532,5.9
22.969,89.477,259
22.984,89.446,97.3
22.989,89.462,0.5
22.953,89.434,0.5
22.981,89.456,0.5
22.944,89.478,0.5
22.912,89.499,0.5
22.633,89.52,0.5
22.672,89.53,0.5
22.756,89.527,0.5
22.716,89.581,538
22.689,89.571,0.5
22.717,89.581,0.5
22.567,89.322,68
22.617,89.317,8.7
22.624,89.304,97
22.659,89.334,3.9
22.71,89.306,88.3
22.809,89.398,0.8
22.788,89.578,0.5
22.816,89.568,0.5
22.816,89.567,46.8
22.799,89.538,0.5
22.743,89.552,0.5
22.826,89.011,501
22.918,89.601,2.9
22.915,89.625,18.6
22.9,89.656,36.8
22.87,89.634,109
22.887,89.6,0.5
22.587,89.518,15.8
22.63,89.515,0.5
22.8,89.643,39.5
22.812,89.645,55.9
22.813,89.644,1
22.797,89.589,0.5
22.797,89.589,87.4
22.84,89.559,0.5
22.826,89.575,137
22.84,89.584,3.8
22.83,89.606,18.7
22.865,89.545,0.5
22.862,89.525,0.9
22.862,89.525,0.5
22.864,89.532,0.5
22.831,89.543,1.7
22.811,89.555,0.5
22.837,89.531,0.5
22.628,89.122,40.1
22.685,89.122,108
22.711,89.107,72.9
22.887,89.535,168
22.862,89.556,0.5
22.918,89.569,0.9
22.959,89.556,0.5
22.896,89.508,39.4
22.819,89.421,2.8
22.753,89.419,33.8
22.698,89.434,36.2
22.825,89.274,65.7
22.823,89.331,39.6
22.856,89.359,0.9
22.861,89.422,1.1
22.778,89.706,0.8
22.672,89.618,127
22.709,89.635,15
22.739,89.652,453
22.751,89.714,571
22.78,89.726,355
22.883,89.518,0.5
22.889,89.506,3
22.862,89.542,1.7
22.866,89.541,0.5
22.855,89.542,39
22.865,89.525,62.8
22.483,89.011,24.5
22.455,89.028,5.1
22.392,89.015,15.4
22.393,88.998,0.7
22.376,89.031,18.5
22.435,89.095,2
22.49,89.059,24
22.608,89.001,3.5
22.607,88.999,221
22.558,89.007,192
22.564,88.981,73.5
22.576,88.965,58.7
22.605,88.961,315
22.902,89.768,0.5
22.902,89.768,317
22.927,89.81,103
22.898,89.81,128
22.855,89.819,46.9
22.869,89.748,252
22.575,89.659,148
22.575,89.659,3.2
22.579,89.665,129
22.597,89.641,37.6
22.629,89.61,424
22.677,89.652,472
22.642,89.643,339
23.374,89.369,216
23.411,89.292,49.5
23.375,89.308,0.5
23.329,89.345,64.7
23.301,89.402,0.5
23.327,89.401,0.5
23.041,89.635,13.2
23.048,89.644,200
23.02,89.716,165
23.02,89.664,228
22.751,89.02,73.5
22.745,88.925,262
22.751,88.941,266
22.693,88.985,1.1
22.693,88.985,136
22.683,89.024,82.8
22.647,88.934,9.4
22.86,89.04,187
22.917,89.014,92.5
22.923,89.096,106
22.873,89.084,181
22.836,89.011,453
22.841,88.974,328
22.901,88.949,88
22.371,89.175,0.5
22.305,89.11,168
22.305,89.111,2
22.333,89.04,17.4
22.711,89.107,143
22.703,89.073,3.5
22.703,89.054,227
22.57,89.076,56.2
22.733,89.297,75.8
22.782,89.251,16.6
22.782,89.251,15.5
22.778,89.205,270
22.679,89.256,233
22.721,89.207,291
22.765,89.143,108
22.795,89.12,319
22.504,89.199,330
22.414,89.217,261
22.535,89.12,0.5
22.535,89.12,86.2
22.615,89.15,236
22.666,89.876,103
22.689,89.865,16.4
22.606,89.85,45.6
22.602,89.887,10.1
22.608,89.844,177
22.782,89.877,480
22.841,89.849,96.9
22.857,89.872,269
22.366,89.071,10
22.365,89.086,509
22.561,89.863,81.3
22.487,89.866,3.6
22.601,89.893,472
22.583,89.959,27.2
22.456,89.859,30.2
22.263,89.834,1.8
22.287,89.844,60.1
22.313,89.854,24.8
22.663,89.774,130
22.715,89.667,635
22.718,89.668,0.5
22.704,89.688,234
22.732,89.754,26.2
22.664,89.783,299
22.662,89.798,10.8
22.658,89.771,1.1
22.671,89.694,0.5
23.082,89.526,0.5
23.16,89.444,203
23.161,89.482,40.4
23.154,89.511,20
23.173,89.505,184
23.504,89.402,1
23.508,89.341,28.9
23.501,89.436,0.5
23.409,89.399,106
23.462,89.467,0.5
23.374,89.508,9.1
23.419,89.491,0.5
23.486,89.428,33.3
23.485,89.429,10.8
23.401,89.6,168
23.358,89.581,0.5
23.336,89.52,0.5
23.368,89.556,0.5
23.439,89.502,0.5
23.488,89.563,0.5
23.45,89.573,7.5
23.119,89.081,107
23.104,89.112,72.4
23.098,89.047,0.5
23.051,89.055,201
23.005,89.038,83.6
22.979,89.074,107
22.965,89.021,49.6
23.093,89.345,0.5
23.02,89.406,0.5
22.981,89.392,77.7
22.982,89.479,3
23.046,89.398,355
23.019,89.407,283
23.218,89.232,1.7
23.191,89.217,77.8
23.13,89.306,121
23.419,88.822,98.7
23.43,88.779,15.5
23.474,88.836,44.6
23.479,88.9,0.5
23.44,88.92,67.2
23.461,88.961,9.6
23.501,88.956,131
23.433,89.052,37.2
23.479,89.022,0.5
23.409,89.014,0.5
23.408,89.013,4.9
23.745,89.264,0.5
23.663,89.356,21.2
23.68,89.239,83.8
23.686,89.253,1.4
23.663,89.199,5.1
23.711,89.151,14.8
23.693,89.178,281
23.643,89.201,30.8
23.653,89.048,15.8
23.719,89.077,18.9
23.651,89.123,0.8
23.648,89.047,0.5
23.606,89.075,135
23.579,89.129,11.7
23.86,89.238,4.7
23.901,89.259,377
23.906,89.225,11.7
23.898,89.186,0.5
23.86,89.163,1.3
22.86,89.877,398
22.82,89.874,186
22.803,89.901,170
22.791,89.876,134
22.532,89.59,14
22.476,89.597,0.5
22.469,89.605,4.1
23.213,89.488,0.5
23.223,89.45,0.5
23.269,89.498,1.2
23.581,89.444,2.8
23.558,89.493,0.5
23.437,89.465,0.5
23.643,89.435,0.5
23.636,89.374,15.2
23.594,89.369,0.5
23.809,89.23,4.4
23.772,89.194,0.7
24.011,88.877,135
24.096,88.924,665
24.015,88.944,0.5
24.05,88.766,0.5
24.046,88.836,0.5
23.952,88.881,0.5
23.982,88.838,0.5
22.715,90.352,42.8
22.736,90.381,0.5
22.739,90.379,0.5
22.696,90.377,385
22.696,90.373,2.8
22.702,90.357,54
22.893,90.506,41.5
22.884,90.568,0.8
23.546,89.163,24.3
23.664,89.132,11.9
23.765,89.302,0.5
23.84,89.32,0.5
23.869,89.346,0.5
23.807,89.285,2.2
23.807,89.285,0.5
24.058,88.992,1660
24.102,88.985,212
24.102,88.985,9.9
24.01,88.931,75.7
24.07,88.96,52.7
24.024,88.959,98.4
23.816,88.981,0.5
23.863,88.975,32.8
23.891,89.064,63.6
23.008,89.584,0.5
23.044,89.603,255
23.118,88.93,30.7
23.056,88.953,21.7
23.056,88.953,7.8
23.044,88.901,1.4
23.011,88.9,38.4
22.945,88.936,57.3
23.015,88.964,15.7
22.855,89.19,40.4
22.826,89.161,308
22.907,89.168,93.2
22.891,89.267,170
22.912,89.324,0.5
22.912,89.324,0.5
22.872,89.317,2.3
23.262,89.178,172
23.222,89.149,90.3
23.17,89.138,132
23.127,89.18,0.5
23.178,89.195,10.5
23.179,89.197,0.5
23.15,89.209,0.5
23.162,89.209,0.5
23.601,88.775,64.6
23.544,88.758,130
23.498,88.749,119
23.617,88.658,120
23.599,88.728,33.5
23.693,88.799,497
23.654,88.713,24
23.579,88.947,0.5
23.618,88.92,47.5
23.67,88.82,0.9
23.644,88.844,70.4
23.644,88.844,45.3
23.816,88.748,12.8
23.816,88.748,13.2
23.824,88.811,0.5
23.91,88.855,38.2
23.898,88.734,62.5
23.851,88.654,58.4
23.364,89.193,29.4
23.363,89.157,0.5
23.295,89.159,90.9
23.336,89.084,0.5
23.395,89.08,0.5
23.406,89.131,15.4
23.406,89.131,7.4
23.551,89.015,0.5
23.505,89.046,34.6
23.566,89.048,30.4
23.543,89.074,27.6
23.044,89.679,248
23.239,89.62,0.5
23.258,89.591,37.2
23.21,89.594,0.5
23.181,89.645,149
23.267,89.021,59
23.3,88.99,23.2
23.274,88.992,52.6
23.324,89.031,39.9
23.3,89.068,27.8
23.221,89.048,86.7
23.248,89.061,68.6
23.24,89.097,0.5
22.925,89.354,0.5
22.924,89.354,30.1
23.001,89.311,71.9
23.066,89.285,178
23.066,89.23,96.8
23.018,89.139,224
23.067,89.118,40.1
22.959,89.136,88.9
23.181,89.4,61.8
23.166,89.375,0.5
23.219,89.346,27.5
23.276,89.351,4.8
23.276,89.381,27.5
23.255,89.298,0.9
23.321,89.267,26.3
23.76,88.942,41.1
23.721,89.001,1.2
23.675,88.943,70.6
23.714,88.913,150
23.732,88.87,103
23.694,88.802,538
23.761,88.829,30.4
23.808,88.856,4.8
23.794,88.905,1.6
23.564,88.884,36.4
23.523,88.918,66.2
23.536,88.851,22
23.596,88.842,99.7
23.678,88.684,189
23.628,88.627,228
23.628,88.627,482
23.717,88.615,70.8
23.817,88.676,357
23.838,88.642,76.6
23.769,88.598,43.4
23.352,88.918,1.7
23.3,88.91,51.8
23.255,88.886,24
23.282,88.818,10.4
23.247,88.782,5.8
23.295,88.753,96.9
23.37,88.802,3.4
23.388,88.909,557
23.37,88.974,67.1
23.462,89.22,3.4
23.491,89.28,12.6
23.524,89.299,148
23.562,89.277,33.2
23.54,89.209,129
23.861,89.037,9
23.79,89.007,1.2
23.744,89.059,35
23.775,89.061,0.5
23.793,89.104,1.3
23.753,89.127,61.6
23.84,89.102,1.2
23.844,89.155,0.6
23.903,89.121,42.3
23.903,89.121,18.3
23.924,88.969,57.1
23.892,88.935,1030
23.84,88.913,174
22.694,90.369,0.5
22.72,90.349,0.5
22.713,90.297,248
22.67,90.325,227
22.997,90.228,359
22.996,90.213,163
22.965,90.199,44.7
22.972,90.225,3.3
22.964,90.262,2.4
22.939,90.24,290
22.929,90.242,69.4
22.899,90.3,8.6
22.908,90.251,1
22.532,90.342,26
22.507,90.346,0.5
22.566,90.338,137
22.589,90.35,0.5
22.518,90.309,0.9
22.511,90.283,2
22.505,90.268,0.6
22.496,90.246,1.6
22.774,90.159,389
22.786,90.183,2.7
22.798,90.187,149
22.808,90.187,10.8
22.789,90.152,23.4
22.806,90.127,0.5
22.282,90.568,0.5
22.284,90.551,0.5
22.267,90.533,0.5
22.276,90.546,0.5
22.302,90.577,0.9
22.971,90.153,107
23.015,90.166,6
23.014,90.182,0.5
22.989,90.135,319
22.986,90.136,2
22.966,90.084,0.8
22.965,90.086,207
22.931,90.199,80.6
22.961,90.191,248
22.821,90.252,59.2
22.875,90.267,0.5
22.881,90.246,257
22.892,90.199,8.4
22.892,90.2,23.4
22.835,90.213,21.4
22.836,90.212,0.9
22.373,90.585,5.2
22.378,90.544,1.8
22.52,90.52,0.5
22.475,90.559,1.9
22.432,90.558,0.5
22.427,90.457,1.2
22.357,90.352,11.8
22.359,90.351,0.5
22.375,90.514,1
22.463,90.344,1
22.433,90.442,0.5
22.432,90.335,0.5
22.36,90.296,2.4
22.351,90.356,1.3
22.1,90.016,0.5
22.116,90.003,0.5
22.181,90.02,0.5
22.185,89.993,0.5
22.172,90.18,1
22.179,90.17,2.1
22.626,90.061,0.5
22.638,90.078,7.2
22.604,90.082,26.4
22.575,90.057,11.6
22.577,90.053,2.3
22.822,90.433,1.9
22.907,90.379,1
22.911,90.411,1.7
22.918,90.415,0.7
22.953,90.415,0.7
22.966,90.342,1.6
22.992,90.339,0.5
22.993,90.34,667
22.733,90.442,3.4
22.706,90.395,0.8
22.325,90.192,0.8
22.302,90.192,0.9
22.279,90.181,0.5
22.37,90.222,0.5
22.356,90.259,0.5
22.358,90.342,2.7
22.35,90.347,1.3
21.893,90.141,6.5
21.816,90.126,12.9
21.814,90.124,17.4
21.98,90.232,1
21.996,90.211,7.6
22.008,90.285,8.6
22.051,90.117,1.9
22.066,90.207,0.6
22.094,90.207,1.9
22.156,90.297,0.5
22.183,90.278,0.7
22.243,90.318,0.5
22.215,90.304,0.5
22.133,90.231,0.5
22.417,90.166,0.5
22.374,90.131,0.5
22.338,90.142,0.5
22.322,90.112,0.5
22.289,89.962,0.5
22.223,89.972,2.9
22.217,89.921,0.5
22.257,89.946,159
22.296,89.979,2.7
22.346,89.939,7.3
22.367,89.967,1
22.743,90.099,21.1
22.76,90.094,4.2
22.806,90.193,0.7
22.742,90.134,1.2
22.73,90.105,14.6
22.727,90.089,11.8
22.73,90.089,1.1
22.669,90.082,0.5
22.684,90.071,0.5
22.37,90.07,0.5
22.369,90.081,0.5
22.496,90.137,0.5
23.34,90.173,86.7
23.287,90.17,289
23.329,90.209,74.6
23.378,90.16,113
23.411,90.176,66.8
23.387,90.111,82.4
23.365,90.11,62.4
23.073,90.433,2.7
23.084,90.407,576
23.08,90.406,2.9
23.076,90.384,287
23.038,90.438,290
23.087,90.462,31.2
23.099,90.483,214
22.246,90.411,5.8
22.24,90.399,1
22.248,90.4,0.5
22.142,90.066,1.4
22.147,90.111,0.7
22.091,90.084,0.6
22.042,90.042,0.5
22.156,90.13,0.5
22.296,90.06,0.5
22.288,90.045,2.7
22.26,90.029,0.5
22.25,90.076,0.5
22.264,90.079,0.5
22.486,90.063,3.4
22.471,90.055,1.3
22.471,90.036,0.5
22.489,90.022,2.5
22.533,89.992,53.2
22.55,89.983,14.5
22.582,89.999,246
22.58,89.966,12.1
22.683,89.963,42
22.618,89.96,0.7
22.606,89.993,8
22.653,90,0.5
22.622,89.99,1.7
22.518,90.11,0.5
22.556,90.137,3.1
22.559,90.188,0.5
22.555,90.086,20.1
22.579,90.095,0.5
22.578,90.114,0.5
22.68,90.285,7.9
22.707,89.977,0.7
22.815,89.947,225
22.803,89.953,0.5
22.791,89.956,50.3
22.698,89.998,0.7
22.698,89.998,66.6
22.713,89.953,110
22.64,90.181,15.4
22.647,90.196,0.5
22.727,90.212,0.5
22.723,90.233,0.5
22.724,90.234,6.1
22.688,90.203,5.9
22.688,90.204,68.7
22.681,90.175,0.5
22.68,90.175,14
22.398,90.126,0.5
22.444,90.116,0.5
22.465,90.066,2.9
22.456,90.066,0.5
23.153,90.203,1.5
23.174,90.291,128
23.174,90.291,0.5
23.264,90.227,527
23.185,90.248,447
23.205,90.05,67.1
23.189,90.09,305
23.184,90.055,80.2
23.184,90.055,1.3
23.227,90.035,627
23.239,90.036,531
23.197,89.986,103
23.219,90.017,3.4
23.138,90.444,0.5
23.14,90.459,0.5
22.587,90.293,0.5
22.598,90.294,1.2
22.563,90.264,0.5
22.637,90.278,29.4
22.643,90.334,550
23.16,90.14,233
23.179,90.101,325
23.223,90.159,552
23.164,90.172,348
23.081,90.302,369
23.071,90.256,466
23.069,90.244,1.9
23.073,90.238,152
23.084,90.127,1.5
23.07,90.182,3.9
23.072,90.214,1
23.102,90.191,458
23.217,90.499,98.2
23.197,90.49,200
23.196,90.45,135
23.195,90.449,0.5
23.182,90.458,104
23.189,90.419,124
23.302,90.412,0.5
23.31,90.435,253
23.262,90.475,108
23.276,90.485,216
23.288,90.43,298
23.271,90.393,111
23.237,90.416,27.2
22.887,89.903,224
22.875,89.924,0.5
22.876,89.925,263
22.916,89.86,315
22.941,89.856,0.8
22.985,89.884,0.8
22.985,89.883,145
23.159,89.805,69.6
23.182,89.789,49.5
23.193,89.735,65.3
23.211,89.718,5.3
23.211,89.718,380
23.238,89.773,132
23.289,89.756,98.6
23.168,90.354,540
23.19,90.317,84.2
23.175,90.302,330
23.206,90.325,133
23.205,90.322,1.3
23.241,90.358,99.9
23.251,90.343,84.2
23.198,90.339,288
22.988,90.007,2.9
23.112,90.021,86.2
23.033,90.033,521
22.927,90.005,206
22.992,90.048,0.9
22.992,90.046,166
22.997,89.985,231
23.236,89.9,228
23.284,89.929,145
23.229,89.712,346
23.265,89.676,41.6
23.288,89.706,278
23.332,89.658,48.6
23.336,89.631,12.3
23.32,89.758,181
23.459,89.986,191
23.407,90.043,285
23.367,90.074,307
23.307,90.071,143
23.329,90.006,468
23.38,89.986,233
23.376,89.957,103
23.594,89.716,58.8
23.648,89.702,7.2
23.69,89.676,25
23.14,90.459,86.6
23.159,90.46,0.9
23.121,90.418,590
23.143,90.412,5
23.164,90.407,21.1
23.397,90.249,1.9
23.367,90.256,461
23.348,90.283,107
23.341,90.305,3
23.305,90.303,128
23.33,90.402,540
23.331,90.37,52.8
22.944,89.83,602
23.108,89.749,562
23.063,89.763,122
23.072,89.853,301
23.137,89.934,160
23.097,89.893,321
23.034,89.819,199
23.026,89.905,175
23.043,89.86,121
23.316,89.872,119
23.316,89.872,281
23.234,90.013,135
23.268,90.018,346
23.318,89.948,588
23.388,89.687,0.8
23.363,89.755,132
23.328,89.716,66.3
23.368,89.658,77.8
23.407,89.631,0.5
23.445,89.637,101
23.439,89.669,0.5
23.474,89.713,152
23.501,89.733,35.2
23.472,90.029,21
23.472,90.029,6.7
23.448,90.081,240
23.531,90.028,20.7
23.487,89.961,290
23.523,89.958,77.9
23.651,89.467,0.5
23.613,89.498,0.5
23.677,89.537,15.6
23.721,89.58,0.5
23.656,89.579,0.5
23.616,89.628,0.5
23.823,89.364,13.6
23.785,89.357,0.5
23.712,89.393,2.2
23.872,89.384,158
23.83,89.41,2.2
23.677,89.454,8.7
23.547,89.538,2.3
23.505,89.593,7.7
23.534,89.568,104
23.574,89.63,2.2
23.506,89.651,1.1
23.533,89.677,228
23.584,89.708,128
23.388,89.874,284
23.373,89.901,95.6
23.42,89.916,280
23.45,89.874,151
23.484,89.881,103
23.503,89.899,204
23.526,89.88,924
23.583,89.938,427
23.576,89.962,6.6
23.563,90.008,0.7
23.731,89.425,0.5
23.752,89.345,0.5
23.722,89.512,41
23.764,89.493,62.6
23.708,89.769,1.9
23.764,89.784,1.6
23.743,89.798,314
23.726,89.752,31.3
23.754,89.736,33.8
23.713,89.728,2.2
23.734,89.675,220
23.775,89.7,83.3
23.78,89.618,27.3
23.703,89.624,0.5
23.76,89.642,359
22.923,90.554,2.2
22.957,90.521,1.1
22.974,90.468,0.5
22.929,90.442,0.5
22.814,90.531,0.6
22.763,90.526,0.5
22.764,90.526,120
22.818,90.596,2.2
22.821,90.599,862
22.815,90.53,345
22.808,90.306,550
22.803,90.332,4.6
22.801,90.328,140
22.83,90.324,3.2
22.831,90.323,106
22.776,90.309,546
22.776,90.308,2.9
22.783,90.266,4.1
22.782,90.267,735
22.781,90.253,1
24.698,88.125,58.6
24.708,88.084,63.9
24.747,88.095,40.5
24.639,88.195,0.5
24.583,88.199,6.4
24.748,88.185,0.5
24.819,88.202,0.5
24.91,88.224,0.5
24.89,88.255,0.5
24.938,88.226,0.5
24.948,88.213,0.5
24.941,88.199,0.5
24.689,88.426,0.5
24.729,88.42,0.5
24.781,88.437,0.5
24.75,88.395,0.5
24.769,88.369,0.5
24.783,88.338,0.5
24.731,88.384,2.1
24.731,88.32,0.5
24.715,88.286,0.5
24.773,88.258,9.9
24.795,88.277,0.5
24.835,88.29,5.6
24.82,88.334,0.5
24.841,88.346,0.5
24.85,88.418,0.5
24.874,88.455,0.5
24.911,88.448,0.5
24.836,88.309,8.9
24.548,88.313,0.5
24.498,88.376,0.5
24.583,88.396,0.5
24.504,88.425,0.5
24.519,88.479,0.5
24.444,88.507,0.5
24.434,88.434,0.5
24.592,88.575,0.5
24.626,88.592,0.5
24.641,88.566,0.5
24.677,88.547,0.5
24.687,88.528,0.5
24.657,88.6,0.5
24.626,88.504,0.5
24.578,88.493,0.5
24.611,88.462,0.5
24.369,88.762,19.4
24.381,88.797,12.2
24.37,88.846,0.5
24.366,88.875,63.8
24.369,88.894,1.2
24.41,88.852,5.7
24.436,88.859,0.5
24.468,88.864,0.5
24.499,88.852,0.5
24.518,88.673,0.5
24.547,88.608,4.6
24.562,88.647,58.2
24.592,88.651,3.4
24.605,88.624,0.5
24.63,88.669,14.1
24.552,88.686,0.5
24.555,88.791,14.3
24.58,88.823,0.5
24.581,88.86,0.5
24.592,88.905,0.8
24.545,88.874,0.5
24.26,88.763,0.5
24.235,88.754,0.5
24.279,88.79,41.2
24.266,88.822,0.5
24.314,88.796,0.5
24.327,88.82,0.5
24.337,88.781,0.5
24.327,88.705,0.5
24.336,88.749,0.5
24.227,88.777,0.5
24.207,88.805,0.5
24.193,88.845,0.5
24.198,88.875,0.5
24.224,88.847,15.4
24.259,88.858,0.5
24.291,88.877,0.5
24.378,88.526,62.8
24.393,88.53,0.5
24.482,88.527,0.5
24.45,88.55,73.5
24.454,88.582,91.8
24.455,88.613,0.5
24.484,88.65,0.6
24.422,88.672,0.5
24.413,88.615,0.5
24.451,88.763,40.6
24.424,88.733,0.5
24.462,88.698,0.5
24.483,88.684,0.5
24.485,88.713,0.5
24.452,88.799,0.5
24.489,88.805,2.8
24.312,89.035,0.5
24.336,88.985,0.5
24.337,88.962,0.5
24.318,88.937,0.5
24.317,88.899,0.5
24.305,88.94,3.4
24.299,88.919,0.5
24.169,89.004,0.5
24.177,88.964,0.5
24.172,88.899,0.5
24.164,88.924,0.5
24.249,89.042,0.5
24.259,89.094,0.5
24.313,89.153,0.5
24.342,89.095,0.5
24.286,89.085,0.5
24.17,89.145,0.5
24.198,89.172,0.5
24.232,89.125,0.5
24.286,89.065,0.5
24.307,89.087,0.5
24.368,89.238,0.5
24.355,89.281,0.5
24.339,89.246,17.8
24.385,89.209,0.5
24.392,89.191,0.5
24.384,89.166,0.5
24.364,89.138,0.5
24.395,89.057,0.5
24.368,88.986,0.5
24.439,89.014,0.5
24.459,89.005,0.5
24.372,88.905,0.5
24.408,88.967,1
24.427,88.961,2.1
24.465,88.964,0.5
24.495,88.955,0.5
24.418,89.001,11.6
24.292,89.313,0.5
24.272,89.309,0.5
24.245,89.266,0.5
24.188,89.277,0.5
24.151,89.28,0.5
24.123,89.291,0.5
24.125,89.238,0.5
24.123,89.215,0.5
24.127,89.193,0.5
24.083,89.248,0.5
24.076,89.303,0.5
24.054,89.373,0.5
24.222,89.277,0.5
23.865,89.626,80.7
23.881,89.665,65.5
23.917,89.646,80.6
23.951,89.652,25.5
23.961,89.612,30.5
24.037,89.606,58.6
24.054,89.641,47.7
23.974,89.419,0.6
23.885,89.442,0.5
23.89,89.475,0.5
23.87,89.506,0.5
23.835,89.537,0.5
23.837,89.58,0.5
23.96,89.599,57.8
23.961,89.498,0.8
24.184,89.452,0.5
24.166,89.435,0.5
24.176,89.412,0.5
24.144,89.439,0.5
24.151,89.496,10.1
24.089,89.44,0.5
24.211,89.419,0.5
24.221,89.419,0.5
24.248,89.364,0.5
24.258,89.351,0.5
24.197,89.39,0.5
24.176,89.392,0.5
24.218,89.371,0.5
23.95,89.399,0.5
23.971,89.361,0.5
23.981,89.326,0.6
23.992,89.263,0.5
24.073,89.187,15.5
24.02,89.23,27.2
24.048,89.211,0.6
24.032,89.302,0.5
24.035,89.342,0.5
24.122,89.057,0.5
24.123,89.063,0.5
24.128,89.077,3.8
24.052,89.055,493
24.03,89.094,390
24.03,89.102,326
24.087,89.131,2.5
24.135,89.141,56.1
24.109,89.127,1.3
24.053,89.548,51.3
24.075,89.53,64.6
24.133,89.518,1.3
24.107,89.479,3.1
24.076,89.442,0.5
24.033,89.431,1
24.032,89.452,0.5
23.97,89.493,0.5
23.96,89.607,341
24.076,89.606,213
23.614,91.102,134
23.622,91.088,0.5
23.715,91.061,159
23.682,91.099,3.8
23.626,91.147,83.4
23.595,91.112,0.8
23.536,90.716,72.7
23.494,90.719,698
23.484,90.786,208
23.608,90.799,181
23.574,90.786,134
23.53,90.755,276
23.53,90.78,222
23.533,90.831,260
23.489,91.007,203
23.462,91.022,96.4
23.478,90.955,396
23.444,90.957,243
23.403,90.963,259
23.361,90.945,157
23.425,90.911,340
23.476,90.909,407
23.639,90.933,70.8
23.639,90.933,327
23.768,90.954,259
23.754,90.995,388
23.717,90.985,387
23.615,90.986,143
23.616,90.921,331
23.555,90.909,412
23.845,90.791,210
23.848,90.841,233
23.824,90.787,41.9
23.775,90.802,735
23.702,90.778,200
23.18,91.244,11.6
23.144,91.238,77
23.098,91.247,68
23.079,91.204,110
23.113,91.184,4.6
23.138,91.145,668
23.163,91.199,44.7
23.152,90.691,384
23.553,91.128,2.4
23.576,91.147,2.4
23.507,91.146,3.3
23.549,91.177,1.6
23.554,91.1,2.5
23.499,91.109,2.1
23.488,91.057,63.2
23.677,91.012,274
23.647,90.999,164
23.607,90.991,115
23.604,90.988,6.1
23.585,90.96,452
23.577,91.041,114
23.552,90.932,182
23.495,90.977,202
23.532,91.007,115
23.552,90.987,261
23.071,91.338,10.4
23.125,91.331,108
23.142,91.286,110
23.181,91.321,0.9
23.249,91.267,87.4
23.324,91.218,138
23.299,91.264,18.8
23.338,91.28,0.9
23.829,90.941,328
23.84,90.98,70.7
23.888,90.968,66.2
23.938,91.008,376
23.916,91.004,51.5
23.793,90.992,388
23.72,90.798,213
23.732,90.799,154
23.68,90.793,2.9
23.672,90.818,105
23.659,90.839,0.9
23.657,90.786,68.1
23.722,90.851,160
23.111,91.115,188
23.111,91.082,525
23.151,91.051,276
23.193,91.096,148
23.264,91.169,170
23.299,91.13,102
23.331,91.143,12.8
23.27,91.045,311
23.235,91.117,1.6
23.435,91.109,1.3
23.369,91.187,0.5
23.377,91.241,0.5
23.414,91.249,0.5
23.441,91.243,4.6
23.427,91.194,1.2
23.493,91.21,5.6
23.503,91.173,0.5
23.466,91.181,5
23.466,91.181,2.6
23.34,90.89,51.3
23.35,90.828,395
23.342,90.841,284
23.39,90.85,199
23.46,90.824,278
23.429,90.845,398
23.371,90.917,234
23.306,90.949,414
23.262,90.995,383
23.396,90.601,278
23.396,90.601,2.2
23.38,90.65,508
23.338,90.64,579
23.136,90.746,229
23.083,90.77,571
23.111,90.767,475
23.119,90.731,523
23.161,90.721,367
23.209,90.734,502
23.204,90.799,128
23.169,90.831,123
23.166,90.762,644
23.345,90.707,466
23.349,90.755,644
23.371,90.773,225
23.32,90.685,407
23.097,90.86,126
23.1,90.882,816
23.126,90.936,527
23.145,90.858,559
23.162,90.656,458
23.204,90.643,609
23.225,90.661,1.8
23.225,90.661,471
23.259,90.678,496
23.294,90.666,374
23.26,90.696,175
23.253,90.751,604
23.428,91.06,191
23.41,91.027,288
23.374,91.053,1.8
23.374,91.053,14.2
23.382,90.986,151
23.345,90.982,320
23.287,91.033,171
23.327,91.057,114
23.347,91.095,56.9
23.217,90.878,526
23.224,90.795,434
23.261,90.788,414
23.307,90.788,456
23.208,90.862,490
23.244,90.854,586
23.261,90.817,205
23.086,90.644,322
23.046,90.646,203
23.11,90.656,529
22.651,90.92,20.4
22.587,90.997,82.6
22.614,90.952,99.3
22.697,90.911,15.3
22.752,90.902,92.4
22.724,90.847,35.5
22.768,90.865,26.5
22.816,90.838,2.3
22.977,90.698,69
22.992,90.744,744
22.37,90.743,1.9
22.346,90.776,0.8
22.34,90.736,239
22.34,90.736,2.3
22.269,90.823,0.8
22.267,90.787,0.8
22.27,90.711,0.8
22.461,90.705,0.5
22.486,90.768,0.5
22.43,90.769,0.5
22.49,90.796,0.5
22.541,90.669,0.5
22.526,90.745,1.2
22.683,90.648,3.2
22.671,90.673,2
22.593,90.652,0.8
22.63,90.645,0.6
22.67,90.63,0.7
22.709,90.679,1.1
22.764,90.661,0.8
22.736,90.59,0.7
22.865,91.098,218
22.846,91.055,132
22.848,91.002,84.4
22.848,91.002,1.8
22.766,91.066,3.8
22.706,91.081,5.8
22.635,91.13,39.3
22.837,91.143,264
22.85,91.188,221
22.798,91.217,26
23.191,90.958,2
23.142,90.944,332
23.16,90.983,340
23.228,90.955,1090
23.221,91.01,556
23.253,90.969,462
23.246,90.914,244
22.786,91.252,7.7
22.786,91.252,1.6
22.744,91.246,9.4
22.818,91.289,83.4
22.812,91.311,24.7
22.842,91.272,33.2
22.863,91.303,30
22.886,91.332,95.6
23.039,91.52,0.9
23.106,91.495,7.9
23.082,91.503,7.1
23.01,91.518,5.9
23.109,90.831,455
23.046,90.884,177
23.082,90.829,704
23.037,90.761,7.7
23.037,90.761,85.1
23.049,90.8,255
23.009,90.769,255
22.126,90.72,3
22.166,90.677,7.4
22.109,90.64,4
22.189,90.757,6.9
22.198,90.713,4.3
22.188,90.674,4.3
22.223,90.752,3.7
22.375,90.839,1.7
22.426,90.838,1.2
22.421,90.809,1.8
22.384,90.81,2.3
22.449,90.815,0.5
22.457,90.835,1.4
22.494,90.795,1.2
22.591,90.659,1.1
22.555,90.686,1.5
22.598,90.693,1.7
22.602,90.746,1.7
22.583,90.759,1.6
22.635,90.689,0.8
22.661,90.696,1.3
22.897,91.012,213
22.959,91.02,182
23.008,91.008,347
23.065,91.01,55.4
23.041,91.094,264
23.025,91.123,436
22.966,91.103,236
22.974,91.162,530
22.974,91.162,8.6
22.906,91.187,117
22.946,91.126,256
23.065,90.933,124
23.026,90.906,645
23.008,90.944,189
22.996,90.984,649
23.11,90.982,131
23.11,90.982,10.3
23.093,91.025,187
22.995,91.235,85
22.958,91.221,272
22.931,91.222,478
22.899,91.247,337
22.945,91.255,107
23.041,91.232,82.3
23.04,91.201,330
23.037,91.152,73.5
23.042,91.377,8.7
23.049,91.352,2.4
23.002,91.349,2.7
22.94,91.406,164
22.956,91.441,87
22.94,91.308,47.6
22.981,91.498,3.3
22.87,91.44,13.3
23.011,91.404,2
23.011,91.404,114
23.019,91.401,7.1
23.22,91.434,6.1
23.246,91.421,14.1
23.216,91.443,0.9
23.216,91.443,3.1
23.245,91.451,0.7
22.909,91.279,307
22.931,91.332,136
22.949,91.313,103
22.949,91.313,1.2
22.995,91.344,119
23.027,91.287,200
23.013,91.311,420
22.002,91.952,1.3
22.002,91.951,1.6
22.041,91.942,0.8
22.041,91.942,1
22.041,91.917,0.7
22.069,91.937,2.6
22.105,91.929,0.7
22.171,91.913,0.5
22.343,91.804,3.4
22.326,91.834,1.1
22.987,91.547,4.8
22.937,91.508,1.9
23.019,91.469,5.8
23.056,91.443,14.6
23.11,91.431,7.9
23.121,91.46,4.1
23.121,91.489,15.4
23.153,91.472,8.9
23.187,91.47,4
23.151,91.422,2.9
23.151,91.422,21.4
22.913,91.365,121
22.871,91.357,61.7
22.842,91.366,38.3
22.849,91.393,1.8
22.849,91.393,127
22.862,91.428,67.8
22.872,91.408,101
22.904,91.396,83.9
22.914,91.443,40.5
22.207,91.854,1.8
22.157,91.842,6.2
22.182,91.835,34
22.212,91.83,2.1
22.215,91.889,1.2
22.199,91.936,7.5
22.233,91.924,1.3
22.375,91.815,2.6
22.407,91.879,0.6
22.367,91.775,15.9
22.326,91.816,2.1
21.657,92.075,0.6
21.722,92.084,0.9
21.753,92.07,0.5
21.753,92.07,12.9
21.807,92.027,0.5
21.82,91.993,0.5
21.843,91.987,0.5
21.248,92.137,0.5
21.276,92.104,70.1
21.192,92.169,1.7
21.146,92.148,0.5
21.284,92.069,0.5
21.234,92.048,5.7
21.298,92.098,0.5
21.567,91.926,0.5
21.633,91.924,0.5
21.633,91.924,5.5
21.603,91.923,0.5
21.538,91.937,0.5
21.427,92.083,0.5
21.409,92.056,0.5
21.325,92.085,0.5
21.408,92.109,0.5
21.428,92.121,0.5
21.441,92.193,5.1
21.473,92.098,0.5
20.769,92.326,9.6
21.014,92.246,2
21.042,92.237,0.5
21.072,92.224,0.5
21.091,92.213,0.5
21.448,92.035,0.6
21.487,92.044,1
21.556,92.062,0.5
21.573,92.072,0.5
21.442,91.971,0.5
21.442,91.971,0.5
22.668,91.624,196
22.602,91.652,12.6
22.574,91.68,16.4
22.546,91.684,65.1
22.511,91.712,9.9
22.425,91.749,9.7
22.402,91.753,7.4
22.714,91.608,44.8
22.739,91.565,75.7
22.818,91.553,344
22.927,91.555,3
22.928,91.554,16.7
22.893,91.504,0.8
23.7497,90.3888,0.5
23.726,90.3852,0.5
23.7606,90.3637,0.5
23.8017,90.3597,0.5
23.7985,90.4066,0.5
23.7405,90.4072,0.5
23.7149,90.4287,0.5
24.3303,90.6821,0.6
24.3283,90.6822,0.5
24.3283,90.6821,1.3
24.2495,90.6907,0.5
24.2836,90.7013,0.5
24.315,90.7281,0.5
24.3388,90.6658,23.5
24.3516,90.6764,0.5
24.3781,90.7173,0.5
24.3724,90.7325,0.8
24.3373,90.6905,273
24.434,90.79,158
24.4354,90.7897,1.8
24.4388,90.8164,1.8
24.4376,90.8154,0.5
24.3905,90.8289,0.5
24.4041,90.8043,121
24.4408,90.7674,1.7
24.1005,90.927,11.6
24.1009,90.927,160
24.1296,90.9447,46.7
24.0928,90.9595,26.3
24.0991,90.9956,0.7
24.1162,90.9774,4
24.0632,90.9811,32
24.062,90.9812,505
24.0645,90.9816,300
24.4209,90.6529,1.6
24.4446,90.6394,2.3
24.4698,90.6027,1.1
24.4626,90.7069,195
24.4571,90.7031,4.4
24.4439,90.7075,1.5
24.391,90.7164,19.2
24.3909,90.7159,0.5
24.4654,90.7855,172
24.4644,90.7858,8.6
24.464,90.7863,10.3
24.4451,90.7778,8.7
24.3984,90.7478,0.5
24.4727,90.7531,0.9
24.2158,90.9623,3.2
24.2148,90.9625,143
24.2032,90.9668,2.4
24.2161,90.9663,38.9
24.2194,90.9744,0.5
24.2227,90.9821,60.6
24.2117,90.9391,233
24.247,90.9107,12.5
24.2185,90.8973,2.4
24.218,90.8909,75.9
24.2332,90.8876,573
24.24,90.8473,18.7
24.5679,90.9034,13.5
24.5698,90.9077,31.6
24.5665,90.9014,14.4
24.557,90.8915,9.8
24.5498,90.8864,52.8
24.531,90.8378,1.5
24.5608,90.8392,31.2
24.4636,90.8688,169
24.45,90.8667,78.8
24.4097,90.9102,26.1
24.3776,90.8747,29.5
24.4475,90.8491,17.7
24.9565,90.3563,43.6
24.9547,90.3504,1.3
24.9619,90.2682,0.5
24.9121,90.3557,21.2
24.9006,90.4601,0.5
24.9692,90.4767,1.8
24.906,90.4906,76.5
24.8518,90.4255,0.5
24.8085,90.512,2
25.0027,90.3626,2
25.0378,90.2876,3.6
25.0378,90.2876,13
25.0681,90.3345,0.8
25.118,90.3393,29.5
25.1799,90.3399,23.1
25.1757,90.3219,78.6
25.1246,90.3866,55.6
25.1246,90.3866,44.3
25.0903,90.4476,110
25.0964,90.467,14.8
25.0857,90.4797,54.6
25.0855,90.4798,76.6
25.1389,90.5753,200
25.1413,90.5726,83.6
25.0903,90.5161,69.5
25.1319,90.4839,171
25.1319,90.4839,19.8
24.7639,90.2659,1.1
24.7639,90.2659,65.6
24.7673,90.2551,2.3
24.5763,90.195,0.8
24.6093,90.2394,0.6
24.5949,90.2949,0.5
24.6373,90.2713,1.4
24.6796,90.3018,0.5
24.6745,90.3245,1.6
24.6679,90.2204,0.5
24.5548,90.2984,0.5
24.6886,90.5981,0.5
24.6688,90.5336,4.3
24.6478,90.5239,0.5
24.5989,90.5503,0.5
24.632,90.7149,0.5
24.6345,90.7178,26.8
24.5999,90.6045,0.5
24.6305,90.6119,0.5
24.6888,90.6539,0.5
24.7349,90.3059,0.5
24.7838,90.2426,0.5
24.7755,90.1817,0.5
24.7221,90.1826,7.9
24.6735,90.1445,0.5
24.7418,90.1674,0.5
24.5689,90.0272,0.5
24.6066,90.1219,0.5
24.6608,90.089,0.5
24.7023,89.8904,2.2
24.6784,89.9517,2.1
24.6362,89.9735,9.8
24.6085,90.0213,21.2
24.4846,89.9724,45.5
24.5193,89.974,41
24.4187,89.9971,8.1
24.5068,90.1657,0.5
24.5075,90.1649,0.5
24.4467,90.1186,0.5
24.4721,90.0617,0.5
24.4779,90.0629,0.5
24.5143,90.0552,0.5
24.4928,89.8676,3.5
24.524,89.8411,2.6
24.3977,89.8165,15.2
24.4493,89.8292,9.4
24.4642,89.8337,8
24.4592,89.8469,0.5
24.4516,89.8941,2.3
24.4166,89.8811,6.8
24.0989,90.1026,0.5
24.0518,90.0047,14.5
24.0518,90.0047,6.6
24.0455,90.0293,131
24.0455,90.0293,76.5
24.1184,90.1737,1.3
24.1184,90.1737,0.5
24.0964,90.1537,0.5
24.069,90.1202,1.3
24.0941,90.1042,11.9
24.1225,90.0579,0.5
24.1407,90.0208,10.9
24.1635,90.0319,24.7
24.2313,90.0488,22.9
24.2568,90.0583,23.8
24.267,90.0351,92.6
24.2314,90.0423,14.1
24.244,90.0089,0.5
24.2106,89.9805,21.4
24.2182,90.0632,0.5
24.0611,89.882,20.2
24.0463,89.8485,7.1
24.0265,89.8246,3.7
24.0083,89.8504,3.4
24.2422,90.3803,0.5
24.2465,90.4299,0.5
24.2438,90.5218,0.5
24.1991,90.4725,0.5
24.1766,90.5426,0.5
24.0747,90.474,0.5
24.1057,90.4982,0.5
24.2736,90.3004,0.5
24.2029,90.2655,0.5
24.0312,90.1895,0.5
24.0714,90.2187,0.5
24.0273,90.277,0.5
24.0689,90.317,0.5
24.198,90.3344,0.5
23.9134,90.5111,0.5
23.9242,90.5751,0.5
23.9317,90.5707,155
23.9047,90.5578,0.5
24.7285,89.6067,75.9
24.7358,89.5744,53.5
24.7563,89.5265,3.1
24.7207,89.4976,73.5
24.6827,89.542,7.7
24.5944,89.5466,24.6
24.6033,89.5109,63
24.5598,89.5018,1.7
24.598,89.4644,0.7
24.5899,89.3846,0.8
24.6238,89.4159,0.5
24.6404,89.3677,0.5
24.6745,89.4131,0.6
24.6942,89.4279,0.9
24.6759,89.3591,0.5
24.8171,89.1835,0.5
24.8342,89.1288,2.7
24.9052,89.1283,0.7
24.9384,89.1122,1.2
24.9176,89.1735,0.5
24.8733,89.159,1.2
24.8733,89.1734,0.7
25.032,89.4675,28.2
25.0438,89.4876,1.8
25.0077,89.5334,4.2
25.0099,89.5566,13.9
24.9869,89.5613,12.8
24.9916,89.5046,23.8
24.94,89.4926,0.9
24.6944,89.2467,0.5
24.647,89.2505,0.5
24.6557,89.2972,0.6
24.7848,89.1804,0.5
24.6818,89.1889,0.7
24.709,89.3191,0.5
24.737,89.3293,0.5
24.7953,89.3521,0.5
24.738,89.4143,2.2
24.7656,89.4044,0.5
24.7965,89.4112,0.5
24.772,89.3941,0.5
25.7982,89.553,68
25.7339,89.582,420
25.7705,89.5571,22.6
25.7281,89.5504,27.3
25.7591,89.5239,178
25.7952,89.5139,11.7
25.802,89.4816,1.6
25.8711,89.5711,29.6
25.8383,89.5477,5.3
25.4424,89.791,1.1
25.4725,89.7635,31.2
25.4881,89.7651,0.7
25.4622,89.7635,2.1
25.4604,89.7775,0.8
25.4062,89.7583,37.4
25.4267,89.675,0.6
25.5266,89.805,26.2
25.5416,89.8126,23.7
25.5755,89.8355,9.8
25.4931,89.8071,4.7
25.6457,89.8024,2.6
25.6168,89.8391,71
25.668,89.8475,19.2
25.6087,89.8585,16.2
25.568,89.8385,69.6
25.5574,89.649,37
25.5781,89.6803,11.5
25.6417,89.683,0.5
25.6222,89.658,13.6
25.5933,89.7367,1.7
25.5292,89.74,0.5
25.5425,89.7817,0.5
25.5853,89.6601,2.9
25.7596,89.6556,0.5
25.847,89.6197,1.1
25.8473,89.5887,0.5
25.8005,89.6121,10.9
25.8063,89.6409,49.9
25.8097,89.6365,5.7
25.9275,89.3405,0.9
25.9356,89.3024,3.3
25.8966,89.3325,0.5
25.9166,89.3871,0.5
25.9621,89.4333,0.5
25.9578,89.4065,0.5
25.9743,89.3742,0.5
26.2108,89.1121,0.5
26.1653,89.1169,2.4
26.1211,89.1403,0.5
26.1109,89.1545,0.5
26.0701,89.2379,2.7
26.0917,89.2242,0.5
26.0536,89.1504,0.7
26.1338,89.1378,0.5
26.3463,89.0163,0.7
26.3077,88.9921,15.7
26.4046,88.9222,0.5
26.1032,88.8605,8.3
26.2206,88.8234,0.5
26.2468,88.7949,16.7
26.201,88.7976,0.5
26.1446,88.8213,4
26.1052,88.8011,0.5
26.0767,88.7902,0.5
26.0581,88.8279,4.1
26.2563,88.8789,0.5
26.2103,88.9078,0.5
26.2058,88.9275,0.5
26.1525,88.9199,0.5
26.1725,88.9662,3.3
26.1828,88.993,0.5
26.1957,88.9988,0.5
26.1515,89.0366,0.5
26.0985,89.0498,0.5
25.77,88.9177,1.5
25.7815,88.9199,4.1
25.7896,88.9627,0.5
25.8327,88.9556,0.5
25.8365,88.952,0.5
25.8165,88.8726,0.5
25.8026,88.888,0.8
25.7781,88.893,0.5
25.7743,88.8942,0.5
26.2842,88.5776,1.2
26.2668,88.5671,0.5
26.2398,88.5324,6.1
26.1838,88.5837,5.5
26.1172,88.6335,1.6
26.1811,88.6312,1.1
26.2247,88.6761,0.5
26.2017,88.5544,6.7
26.322,88.6443,0.8
26.3366,88.5366,0.5
26.3284,88.4705,2.8
26.3395,88.6652,0.5
26.3225,88.4935,0.9
26.3359,88.6145,3.2
26.3578,88.6078,1.5
26.3804,88.6438,0.5
26.4698,88.5396,2.2
26.4088,88.5593,0.5
26.3453,88.5574,0.5
26.4784,88.51,8.7
26.4707,88.4786,0.5
26.5296,88.4111,0.5
26.1657,88.3194,0.5
26.1451,88.2382,0.5
26.1548,88.2665,0.5
26.1228,88.3071,0.5
26.1045,88.2667,0.5
26.0768,88.2472,0.5
26.0621,88.2791,0.5
26.0323,88.2883,1.7
25.8317,88.2134,0.5
25.8371,88.1528,1.7
25.8696,88.143,0.5
25.9817,88.1578,0.5
25.887,88.1936,0.5
25.829,88.1312,0.5
25.8281,88.1304,2.2
26.1605,88.6593,0.5
26.1239,88.5632,0.6
26.1057,88.5264,0.5
26.043,88.5865,0.5
25.9843,88.5041,2.3
26.0297,88.4598,0.5
26.0336,88.4615,0.5
25.2254,89.0128,12.6
25.2403,89.0129,0.5
25.2437,88.9957,6.1
25.1653,88.9867,0.5
25.1819,89.0764,4.3
25.1951,89.1664,0.5
25.2311,89.1409,0.8
25.2007,89.0457,0.5
25.0391,89.1258,0.8
25.0218,89.1368,0.5
24.973,89.1697,1.2
24.9731,89.1408,0.7
24.9981,89.0756,0.5
25.069,89.1416,0.8
25.0991,89.0352,0.5
25.1382,88.9322,0.5
25.1124,88.9792,1.8
25.1674,88.9615,0.8
25.0786,88.9888,0.5
25.1558,88.9946,0.6
24.4165,91.4307,12.5
24.4648,91.4614,31
24.4269,91.396,10.7
24.4522,91.3703,18.5
24.505,91.3647,52.1
24.5044,91.3636,87.4
24.5318,91.3593,10.1
24.5313,91.3588,56
24.5135,91.3616,320
24.9972,91.231,54.9
24.9919,91.2004,71.8
24.9943,91.2584,27.5
24.974,91.2838,58
24.9937,91.301,45
24.935,91.2498,60.1
25.0931,91.3745,25.2
25.1175,91.3259,20.3
25.1175,91.3259,4
25.1126,91.3243,5.3
25.0983,91.2939,47.3
25.0645,91.297,44.4
25.1357,91.3174,29.9
25.1444,91.3168,13.2
25.1176,91.2619,57.4
25.1176,91.2619,47.7
25.1018,91.2099,1.3
25.1018,91.2099,6.3
25.15,91.2534,6.9
25.1295,91.2204,0.5
25.1667,91.1795,45
25.1028,91.1161,20.5
25.0937,91.1615,68
24.8671,90.7244,0.5
24.8412,90.7311,0.5
24.7803,90.7435,0.5
24.813,90.6962,0.5
24.8943,90.6815,0.5
24.9148,90.6924,20.3
24.9409,90.7772,0.5
24.857,90.7601,0.5
24.9466,90.5976,0.6
24.9505,90.5347,0.5
25.0057,90.5184,3.5
24.9746,90.6259,37.1
24.9843,90.6893,44.6
24.8453,90.6542,0.5
24.8486,90.6292,0.5
25.0723,90.8792,262
25.0579,90.9129,15.6
25.1117,90.8244,87
25.1537,90.7819,60.1
25.0864,90.7932,47.3
25.0736,90.8811,134
25.0241,90.8584,54.4
25.0075,90.8097,2.1
25.0324,90.9349,87.6
25.0221,90.6468,37.6
25.087,90.6621,17.5
25.0655,90.6955,176
25.1261,90.6767,2
25.125,90.7266,21.7
25.1389,90.6406,20.8
24.8641,90.9687,83
24.8587,91.0181,0.9
24.8459,91.0468,145
24.8385,90.9815,0.9
24.8642,90.9687,41.1
24.8657,90.9455,52.3
24.786,91.0677,105
24.7929,91.0147,31.7
24.7928,90.9688,8.5
24.8955,91.0146,79.4
24.9389,91.006,116
24.9528,90.997,145
25.0111,90.9635,35.3
24.9458,91.0878,101
24.9681,91.1369,78
24.8865,90.7329,18.8
25.0356,90.0095,5.4
25.0335,89.9486,38.8
25.0129,90.015,5.1
25.0129,90.0147,3.1
24.9805,90.0752,0.7
24.9383,90.0698,7.6
25.0466,90.0696,2.3
25.0466,90.0696,0.5
24.947,89.9977,0.5
24.9744,90.0153,0.5
24.9887,89.9563,115
24.9494,89.9616,19.7
25.0692,90.1308,12.3
25.0877,90.1834,5.3
25.0877,90.1834,17.3
25.0476,90.1667,17.7
25.0595,90.2337,36.5
25.1376,90.1918,137
25.1376,90.1918,33.2
25.1119,90.108,9.1
25.1601,90.1284,49.7
25.1826,90.1624,56.1
25.2125,89.9042,19.3
25.2125,89.9042,0.5
25.2485,89.9298,15.2
25.1788,89.9479,0.5
25.2248,89.9629,14.8
25.2248,89.9629,3
24.8145,89.845,0.9
24.7817,89.8495,14.7
24.7828,89.8506,230
24.7572,89.8647,7.4
24.703,89.8219,5.5
24.7017,89.8569,0.5
24.6476,89.8229,3.3
24.8458,89.8375,30.5
24.9662,89.8107,13.1
24.9472,89.8348,25.9
24.909,89.82,0.5
24.8942,89.8643,11.6
24.9246,89.8494,0.5
25.0847,89.7811,9.2
25.1147,89.751,4.4
25.1268,89.7203,13.9
25.125,89.8367,0.5
25.025,89.7333,16.3
25.1935,89.7561,1.6
25.1453,89.7505,5.1
25.1453,89.7505,0.5
25.1391,89.7678,45.8
24.8585,89.9048,22.4
24.8515,89.8705,50.6
24.7664,89.9316,8.2
24.8028,89.9345,0.5
24.8146,90.1194,2.8
23.9836,90.9562,43.1
23.9535,90.8762,206
23.9061,90.9013,1.9
23.8861,90.8502,153
23.9312,90.7754,4
24.0259,90.8631,1.4
24.0899,90.6537,24.7
24.0957,90.6993,53.4
24.1371,90.6981,0.5
24.1673,90.6923,68.6
24.2332,90.6916,36
24.2289,90.7324,4
24.1824,90.7718,1.1
24.1528,90.7594,0.5
24.0996,90.7686,0.5
23.9843,90.8707,1
23.9899,90.9034,53.9
24.0169,90.9367,194
23.9858,90.869,284
23.8101,90.7935,89.4
24.0397,90.9166,35.4
23.9723,90.6549,1.6
23.9399,90.6748,0.5
23.9749,90.6798,21.2
24.0086,90.6656,51.9
24.0004,90.6521,3.9
23.9393,90.6141,0.6
23.8891,90.5895,0.5
24.2402,89.6512,1
24.2614,89.6775,10.5
24.2675,89.6974,41.2
24.2986,89.6901,16.6
24.2974,89.6894,0.6
24.3138,89.6984,28.2
24.3309,89.6855,25.5
24.3575,89.6994,53.6
24.3861,89.4004,0.8
24.4489,89.3133,0.5
24.4679,89.3527,10.8
24.5037,89.3525,0.5
24.4899,89.3753,0.5
24.4246,89.3701,0.5
24.4247,89.3729,0.5
24.4312,89.3418,0.5
24.3951,89.3516,0.5
24.4226,89.4275,0.5
24.3124,89.5623,20.4
24.3364,89.5701,25.6
24.3825,89.5396,2.7
24.2722,89.579,12.5
24.2541,89.4999,1.3
24.2697,89.4717,26.4
24.2905,89.5189,16.7
24.3369,89.5251,15.9
24.3548,89.4616,28.4
24.3873,89.4581,37
24.3865,89.4569,25.2
24.2074,89.7147,1
24.2089,89.7153,0.5
24.1391,89.7771,0.6
24.1499,89.7839,3.7
24.1341,89.7839,2.2
24.0926,89.7917,0.5
24.0463,89.7813,1.1
24.2246,89.6955,36
24.2388,89.6959,12.6
24.4428,89.6689,65.9
24.4438,89.669,18.7
24.4606,89.6651,52.4
24.4975,89.6716,55.1
24.5156,89.6671,49.4
24.5099,89.6469,87.2
25.3755,89.469,72.4
25.4382,89.4481,84.1
25.4802,89.4667,4.1
25.4303,89.4928,0.5
25.4101,89.3978,20
25.4498,89.398,0.6
25.4217,89.3768,2
25.3565,89.3723,0.5
25.3539,89.4183,8
25.3536,89.4176,0.5
25.1418,89.3586,11.1
25.1813,89.3128,0.5
25.2068,89.2102,0.5
25.1236,89.2627,0.9
25.1438,89.3521,9.4
25.1089,89.4131,0.5
25.0993,89.4325,45.2
25.1033,89.4611,1
25.1033,89.4615,0.5
25.0789,89.3626,27.5
25.1542,89.4155,54.4
25.1853,89.4502,24.5
25.1903,89.3867,4
25.1624,89.5226,0.5
25.1294,89.5231,5.4
25.1092,89.5422,5.6
25.0901,89.5002,15.5
25.0766,89.5502,0.5
25.1296,89.5885,4.3
25.1863,89.5767,13.3
25.7639,89.2005,3.7
25.796,89.1882,1.4
25.8011,89.1434,0.7
25.7335,89.1037,0.9
25.7374,89.1405,1.9
25.6806,89.1812,3.7
25.7191,89.2359,0.6
25.7093,89.2695,0.5
25.7657,89.2794,3.1
25.7727,89.2418,21.6
25.7471,89.2332,0.5
25.7486,89.2311,0.5
25.5106,89.378,22.3
25.5108,89.3783,14.1
25.53,89.3203,0.5
25.5365,89.2759,0.5
25.5299,89.2035,0.5
25.5242,89.1625,0.5
25.4928,89.1491,0.5
25.5561,89.1927,0.5
25.5812,89.1888,0.5
25.6347,89.2016,0.5
25.5943,89.2436,7.5
25.5803,89.3186,10.8
25.59,89.3547,46.3
25.5905,89.354,16.3
25.6245,89.3564,2.1
25.6612,89.2788,17
25.6903,89.0311,0.5
25.7036,89.0002,0.8
25.6806,88.9909,0.5
25.6663,89.0431,0.5
25.6105,89.0169,0.5
25.6269,89.0966,0.5
25.7313,89.0832,0.5
25.6981,89.1449,34.9
25.725,89.2792,0.5
25.8145,89.1079,14.5
25.7787,89.0815,0.5
25.7971,88.9569,0.5
25.8108,89.0056,0.5
25.8101,89.0227,0.5
25.777,89.0129,0.5
25.7768,88.5653,0.5
25.8108,88.532,3.1
25.8551,88.539,5.4
25.7792,88.6739,11
25.7724,88.6399,2
25.8055,88.6061,0.5
25.6915,88.6749,3.1
25.7417,88.7022,3.3
25.6386,88.6713,5.6
25.5412,88.7124,0.5
25.5473,88.6751,1.8
25.571,88.623,0.5
25.5312,88.6187,2.1
25.6307,88.6305,0.5
25.6529,88.6428,0.5
25.9455,88.7222,3.5
25.9083,88.7267,0.6
25.8576,88.7438,2.7
25.8448,88.7774,1
25.8232,88.7817,3.1
25.8008,88.7467,0.5
25.6536,88.7864,2.5
25.6808,88.7689,0.5
25.7654,88.8125,1.5
25.7712,88.7816,13.4
25.7063,88.8078,0.5
25.6289,88.7704,0.5
25.6388,88.7175,0.5
25.5469,88.7643,0.5
25.5237,88.7601,0.5
25.394,89.0119,0.6
25.4319,88.9685,0.5
25.4285,88.9801,2.2
25.3261,88.9613,8
25.377,88.9682,0.5
25.3791,88.9949,0.5
25.4091,89.0553,0.5
25.428,89.0934,31.6
25.3951,89.1088,0.5
25.3589,89.1247,0.5
25.3219,89.1594,0.5
25.3352,89.0453,0.5
25.5,89.0152,0.5
25.5021,89.0617,0.5
25.3382,89.0033,0.5
25.2711,89.0068,0.5
24.8099,88.9349,0.5
24.8075,88.9375,0.5
24.8465,88.9229,3.7
24.8871,88.9145,0.5
24.8987,88.8852,1.4
24.8144,88.8806,3.2
24.8524,88.8825,0.5
24.8345,88.9451,1.2
24.7796,88.9536,0.5
24.7994,88.9638,1
24.9227,88.9029,0.5
24.9651,88.8986,0.5
24.9651,88.9033,14.9
24.9734,88.966,0.5
24.9295,88.9672,0.5
24.9297,88.9679,0.5
25.0281,88.976,0.5
24.9944,88.9697,1.5
24.991,88.9303,16.4
24.9093,88.7466,1.6
24.9124,88.7404,6.6
24.9219,88.7077,0.5
24.9533,88.7178,0.9
24.889,88.701,0.5
24.9473,88.7424,0.5
24.8876,88.738,0.5
24.8492,88.7363,0.5
24.8629,88.8418,0.5
24.6017,88.932,1
24.6241,88.9855,0.5
24.6253,89.0404,3.2
24.6625,88.9017,4.2
24.6638,88.9036,0.5
24.6758,88.8758,0.5
24.5888,89.0223,0.5
24.607,88.9771,0.5
24.6379,88.9406,1.1
24.8288,88.5688,0.5
24.803,88.5315,0.5
24.8053,88.5054,0.5
24.8101,88.4695,0.5
24.8549,88.4394,0.5
24.8253,88.6138,0.5
24.8652,88.6213,0.5
24.8901,88.6353,0.5
25.1429,88.5554,0.5
25.1258,88.5839,0.5
25.0983,88.5299,0.5
24.4874,90.9998,9.4
24.6191,91.1199,31.2
24.5582,91.1131,16.6
24.5266,91.1008,66.3
24.5552,91.01,81.4
24.5834,90.9794,29.6
24.4969,91.0536,5.4
24.4901,91.0689,27.4
24.4495,91.0812,86.8
24.4002,91.0644,82.7
24.4122,91.1335,0.7
24.3992,91.1168,11.4
24.1662,90.9259,217
24.1586,90.9326,21
24.1883,90.9133,31.6
24.1689,90.8376,32.9
24.1413,90.8733,49.6
24.1227,90.919,89.6
24.1599,90.9151,5.4
24.1334,90.9304,162
24.2784,90.8246,0.5
24.2509,90.7964,1
24.3265,90.8923,32.9
24.3392,90.8274,19
24.3403,90.8012,0.5
24.2775,90.7822,0.5
24.2508,90.7968,0.5
24.3225,90.9305,42.9
24.3125,90.9145,98.3
24.3685,90.9184,94.8
24.3743,90.9798,23.6
24.2669,90.9492,11
24.2868,91.0845,77.5
24.2706,91.0947,0.8
24.2568,91.1082,0.5
24.2751,91.1112,9.4
24.2723,91.1043,11.3
24.4648,90.8734,92
24.464,90.8684,54
24.3692,90.8672,176
24.4798,90.9465,21.6
24.4752,90.9316,26.8
24.2824,90.6382,0.9
24.3371,90.6198,0.5
24.3866,90.5374,0.5
24.3874,90.551,2.4
24.3934,90.5736,5.1
24.4284,90.5665,0.5
24.4284,90.5665,0.7
24.4485,90.5595,0.5
24.4517,90.5181,0.5
24.4471,90.3133,0.5
24.4477,90.2792,0.5
24.4144,90.3832,0.5
24.3075,90.3178,0.5
24.3273,90.3824,0.5
24.4351,90.4602,0.5
24.4165,90.4463,0.5
24.4165,90.4463,0.5
24.4067,90.3918,0.5
24.6451,90.3971,0.5
24.6259,90.4191,0.5
24.5831,90.3913,0.5
24.5852,90.3919,0.6
24.5426,90.3429,0.5
24.5617,90.5143,0.5
24.611,90.498,0.5
24.4812,90.3522,0.6
24.3712,90.3992,0.5
24.8416,90.559,0.5
24.8438,90.58,0.5
24.7361,90.5047,0.5
24.7295,90.5499,0.5
24.7561,90.5994,0.5
24.759,90.6342,109
24.7652,90.6662,1.2
24.7528,90.5746,0.5
24.7717,90.5702,2.8
24.5716,90.6886,0.5
24.5716,90.6886,7.8
24.584,90.7353,29.1
24.5745,90.7964,0.5
24.5799,90.7492,24.5
24.5368,90.7491,7.3
24.5311,90.704,60.8
24.5757,90.6203,0.7
24.5431,90.5609,0.5
24.7482,90.3921,0.5
24.7287,90.3698,0.5
24.6845,90.3736,1.2
24.6845,90.4098,0.5
24.7269,90.4117,0.6
24.7676,90.4441,36.1
24.7784,90.4361,59.4
24.7935,90.4067,45.7
24.8369,90.3404,0.7
24.7709,90.388,0.5
24.578,89.9731,39.9
24.5708,89.8565,11.8
24.5885,89.864,1.8
24.6017,89.8819,33.8
24.6176,89.8903,2.8
24.5482,89.9262,33.5
24.5404,89.8984,6.6
24.5113,89.89,4.1
24.3595,90.0447,39.3
24.3083,90.0311,17.3
24.3873,89.991,14.1
24.389,89.9906,9.7
24.389,89.9906,16.7
24.372,89.9611,45.5
24.4068,89.9116,14.7
24.3833,89.8675,7
24.3353,89.9191,4
24.2403,89.9353,1.3
24.2827,89.9546,21.5
24.2582,89.904,144
24.204,89.8893,17.4
24.2293,89.8663,30.6
24.2302,89.8498,0.6
24.248,89.8688,1.3
24.2593,89.8477,83.6
24.3242,89.8861,21.8
24.2942,89.9195,40.4
24.2468,89.9359,14.7
24.3191,90.1725,0.6
24.3168,90.1717,0.5
24.2109,90.1758,0.5
24.2762,90.1654,0.5
24.3455,90.1572,0.5
24.3523,90.2015,0.5
24.3964,90.1916,0.5
24.1526,89.9904,16.2
24.1751,89.952,38.9
24.2051,89.9368,153
24.1856,89.913,73.7
24.1403,89.9007,4.6
24.0611,89.882,149
24.0868,89.8785,30.3
24.2469,89.9108,20.1
24.0922,90.5973,0.8
24.0456,90.5739,0.5
24.1121,90.5726,0.5
24.1117,90.6298,0.5
24.1879,90.657,0.5
24.156,90.6298,0.5
24.1401,90.5795,0.5
24.2234,90.5775,0.5
24.1543,90.6705,0.5
23.9936,90.4521,0.5
24.0007,90.4173,0.5
23.9834,90.4253,0.5
24.0268,90.3812,0.5
24.0905,90.3452,0.5
23.9996,90.3996,0.5
24.0115,90.3241,0.5
23.9456,90.3827,0.6
23.8937,90.402,0.5
23.8955,90.4003,0.5
23.9829,90.6003,2.1
24.0111,90.5764,1.1
24.0078,90.5421,0.5
23.9882,90.5453,0.5
23.9778,90.5538,0.5
23.9277,90.4474,2.4
24.882,89.4492,0.5
24.9388,89.4081,632
24.967,89.4357,20.1
24.9051,89.5066,10.8
24.8636,89.4956,35.2
24.8796,89.4467,19.4
24.8352,89.4611,0.7
24.811,89.4849,8.6
24.7839,89.4751,1.7
24.8214,89.0438,0.5
24.8217,89.0418,1.4
24.8394,89.0222,1.2
24.7877,88.9936,1
24.8312,89.0749,1.4
24.7612,89.1017,0.5
24.7973,89.134,0.5
24.7918,89.2755,2
24.7627,89.248,0.5
24.8216,89.209,0.5
24.8369,89.2685,0.5
24.867,89.2462,0.5
24.8696,89.2154,0.5
24.896,89.2212,1.6
24.8909,89.2988,0.6
24.8583,89.2969,0.5
25.0069,89.3176,88
24.981,89.2047,2
24.9739,89.2582,1.4
25.0165,89.2838,6.3
25.0544,89.2679,1.9
25.0693,89.3269,91.7
25.0225,89.3323,1.7
25.019,89.4227,0.9
25.0168,89.368,41.5
24.9492,89.3475,2.1
24.8733,89.64,0.5
24.9167,89.6167,2.2
24.7783,89.6,0.5
24.9875,89.65,0.5
24.8929,89.5731,3
24.9334,89.5735,0.5
24.886,89.5631,150
24.9102,89.5415,37.3
24.8172,89.5474,0.9
24.8655,89.5532,0.5
24.9102,89.5415,23.7
24.9198,89.3242,0.5
24.948,89.2962,1.3
24.9537,89.3673,16.5
24.9038,89.3762,37.7
24.8809,89.3535,0.5
24.8453,89.3648,0.5
24.8453,89.3648,0.5
25.6649,89.617,0.5
25.5969,89.6167,14.3
25.759,89.7181,187
25.6751,89.6632,3
25.7278,89.6516,6
25.7369,89.6272,24.4
25.5847,89.5993,0.5
25.6716,89.5527,17.6
25.7019,89.5534,5.7
26.0016,89.6528,4
26.036,89.641,1.4
26.0372,89.6818,1.1
25.9687,89.6892,0.5
25.9604,89.6939,0.5
25.9182,89.7497,11.1
25.892,89.7088,0.5
25.9756,89.7314,3.3
25.9717,89.8069,62.9
25.9215,89.8235,2.9
25.9098,89.5733,0.5
25.9089,89.6235,0.5
25.9781,89.6026,2.5
25.9926,89.5202,0.5
25.9717,89.5348,0.5
25.9489,89.5533,0.5
26.0879,89.6694,0.5
26.1111,89.6678,2.3
26.1111,89.6678,3.5
26.1556,89.7373,9.3
26.0674,89.7684,23.6
26.0961,89.7069,2.5
26.0326,89.762,42.1
26.1447,89.6222,10.3
26.1786,89.6657,0.5
25.8762,89.679,1
25.8471,89.699,2.3
25.8172,89.734,0.5
25.8164,89.6937,0.7
25.9366,89.4645,0.5
25.9267,89.496,0.5
25.8602,89.505,4.2
25.8339,89.4571,0.5
25.8696,89.441,0.5
25.9053,89.4318,0.5
25.8436,89.4143,4.5
25.8709,89.3804,0.5
25.9124,89.434,0.5
25.9688,89.226,0.6
25.98,89.1872,1.3
26.0407,89.1981,1
25.9339,89.2547,0.5
26.0193,89.331,0.5
26.0001,89.261,0.5
25.9916,89.2417,9.2
25.9806,89.3206,0.5
26.3462,89.0343,0.5
26.3019,89.0834,0.5
26.2923,88.9721,1.7
26.252,89.0736,0.5
25.8958,88.8379,0.6
25.8387,88.8428,0.5
25.8947,88.9231,0.5
26.0317,88.8396,1.2
25.9942,88.7463,1.6
25.9797,88.8067,1.5
25.9445,88.9561,22.8
25.9537,88.9135,3.4
25.9343,88.8476,14.5
25.9363,88.853,0.5
26.0242,89.0051,0.5
26.044,89.0193,0.5
26.0849,89.0386,0.5
26.0742,88.9553,0.6
26.114,88.8914,3.3
26.035,88.9379,2.1
25.9726,88.9689,0.7
25.9714,89.033,0.5
26.0243,89.0048,0.9
26,89,0.5
25.8756,88.9917,4.9
25.9076,89.0116,0.5
25.8766,89.0944,0.5
25.9022,89.0895,1.7
25.9224,89.0557,0.5
25.951,89.0272,0.5
25.9201,88.9945,0.5
26.2534,88.7444,0.5
26.1978,88.7296,33.8
26.054,88.7413,0.5
26.1178,88.7623,0.5
26.1222,88.7341,0.5
26.0895,88.6997,0.5
26.0475,88.6696,1
26.137,88.6998,0.5
26.2636,88.3919,1.2
26.2067,88.3641,0.5
26.2347,88.4087,0.5
26.2855,88.444,12.8
26.3209,88.4559,0.5
26.1936,88.5511,0.8
26.4936,88.3396,0.5
26.5673,88.3841,1.4
26.6332,88.4156,0.5
25.867,88.3585,0.5
25.7249,88.3939,0.5
25.7745,88.3681,0.5
25.8018,88.3375,0.5
25.8138,88.3443,0.5
25.8669,88.3584,3.9
25.8645,88.3072,0.5
25.868,88.4548,0.5
25.9145,88.3592,0.5
25.9332,88.3743,1.9
25.9043,88.2552,0.5
25.862,88.2913,0.5
25.8929,88.2732,0.5
25.9411,88.3182,0.5
25.9797,88.2658,0.5
26.0006,88.2029,0.5
25.8717,88.2262,0.5
26.0385,88.454,4.9
26.0694,88.4319,6.5
26.138,88.4231,0.5
26.1713,88.3953,0.5
26.0592,88.3587,5.7
26.0151,88.3351,1.4
26.0367,88.4242,0.5
25.125,89.2019,3.1
25.1835,89.2191,0.5
25.0465,89.2071,3.1
24.9996,89.1744,0.8
25.0396,89.1751,0.5
25.1054,89.2333,0.5
25.0509,89.1767,7.7
25.0638,89.1665,0.9
25.0337,89.0218,0.5
24.9949,89.0237,0.5
24.9626,89.0195,0.5
24.9224,89.0187,0.5
24.8843,89.0192,0.5
24.8984,89.0509,0.5
24.9404,89.058,0.7
25.1016,89.0237,0.5
25.0895,89.0633,1.6
25.1029,89.105,0.9
25.137,89.0315,0.5
25.047,89.0234,0.5
24.5484,91.3159,136
24.5645,91.2835,42.6
24.564,91.2797,72.6
24.5564,91.2613,4.9
24.5968,91.2738,18.9
24.5981,91.2786,14.2
24.4893,91.1905,16.4
25.0698,91.4765,10
25.0817,91.5135,15.7
25.0738,91.52,8.1
25.0502,91.5259,0.5
25.047,91.5601,204
25.0435,91.5682,53.4
25.0069,91.5629,145
24.7925,91.3544,94.1
24.7775,91.3811,59.1
24.7428,91.3956,57.5
24.7431,91.4057,54.8
24.7573,91.4126,55.6
24.8031,91.3338,78.2
24.7018,91.3344,57.2
24.7173,91.3051,70.6
24.7005,91.2761,61
24.6499,91.2738,49.1
24.672,91.2696,43
24.7334,91.2086,44.3
24.7338,90.7679,0.5
24.7255,90.8072,0.5
24.7012,90.7639,0.5
24.6633,90.7674,0.5
24.6238,90.7876,0.5
24.6619,90.7863,0.5
24.6595,90.8458,33.6
24.6197,90.8597,79.5
24.7182,90.9442,15.9
24.7232,90.9747,154
24.7198,91.0127,92.5
24.6683,90.9613,105
24.6317,90.9674,54.9
24.704,90.9279,67.7
24.738,90.8827,1.6
24.735,90.9456,216
24.7979,90.806,7.7
24.7641,90.8588,0.7
24.7701,90.8867,0.5
24.8115,90.86,0.5
24.8277,90.8583,0.5
24.8079,90.8818,0.5
24.8961,90.8837,0.5
24.8961,90.8837,21.6
24.8748,90.8652,0.5
24.913,90.9017,10.9
24.9148,90.9213,3.6
24.9277,90.9384,27.2
24.9424,90.8357,29.8
24.9834,90.8394,12.6
24.7076,91.082,135
24.7509,91.0838,125
24.6911,91.1408,44.8
24.6997,91.1754,34.7
24.671,91.1654,28.2
24.6572,91.0503,127
24.9825,90.1307,3.3
25.0051,90.1667,0.5
25.0055,90.2128,1
24.9694,90.1816,0.5
24.9478,90.2192,0.5
24.9182,90.2144,17.2
24.9065,90.1859,1.6
24.9214,90.1356,5.2
24.9531,90.1519,54.4
25.1043,90.0416,6.7
25.1402,90.0442,0.6
25.2006,90.0183,5.8
25.213,90.0091,0.5
25.1921,90.069,36
25.192,90.0672,19.9
25.22,90.0349,2.4
25.1896,90.1184,19
25.1531,90.0887,46.1
25.1474,89.9353,11.4
25.106,89.9278,99.5
25.0878,89.9651,168
25.131,89.9829,2.6
25.0832,90.0006,6.5
24.815,89.8228,0.9
24.8262,89.7993,0.5
24.8368,89.7539,8.2
24.8568,89.783,13.3
24.8964,89.7576,0.9
24.8969,89.7303,15.4
24.8954,89.72,0.9
24.9221,89.7138,0.5
24.9601,89.7407,12.1
24.9964,89.7485,0.5
24.9811,89.8319,8.2
25.0291,89.8226,0.8
25.0371,89.8271,4.7
24.998,89.8453,4.4
24.9579,89.8534,12.8
25.0744,89.7733,2.9
25.0732,89.774,1.3
25.059,89.7239,3.1
25.0381,89.8339,9.4
25.1349,89.8822,23.6
25.1823,89.8712,11.4
25.1903,89.828,0.6
25.2262,89.8616,0.5
25.2348,89.8859,113
25.2699,89.8703,17.3
25.2904,89.8344,98.7
25.224,89.8321,2.2
25.2738,89.8318,0.5
25.2943,89.793,0.5
25.2564,89.7845,6.5
24.8418,89.9697,0.5
24.8014,89.9856,0.5
24.9221,89.9445,0.5
24.8651,89.982,0.6
24.8714,90.0247,0.5
24.8365,90.0495,0.5
23.9723,90.7251,17
24.0382,90.7176,71.3
24.038,90.7178,5.1
24.0206,90.6728,43.9
24.0711,90.6934,48
24.0725,90.7386,0.7
24.0401,90.7374,42.2
24.0309,90.7498,1.9
24.0604,90.7937,0.9
24.0198,90.8095,0.5
23.9334,90.7146,0.5
23.9309,90.7372,20.5
23.9114,90.6579,0.5
23.8598,90.6192,0.5
23.8403,90.6696,0.5
23.8136,90.6704,84.6
23.8757,90.6665,1.3
23.8212,90.734,192
23.8889,90.8016,45.9
23.9808,90.7279,52.4
24.0658,90.8415,1.3
24.1246,90.8287,6.3
24.1292,90.8357,120
24.1537,90.8097,5.8
24.1549,90.7731,2.7
24.0912,90.8498,1.9
24.0634,90.8805,48.5
24.0676,90.9223,163
24.5046,89.144,2.8
24.486,89.0939,0.6
24.4557,89.0481,1
24.4418,89.0703,0.5
24.5329,89.1775,0.5
24.5496,89.1974,0.5
24.5565,89.2342,0.5
24.5591,89.2794,0.5
24.373,89.6363,55.8
24.3217,89.6498,3.2
24.3484,89.6606,4.4
24.3713,89.6885,62.2
24.4005,89.6536,92.5
24.4397,89.6168,12.8
24.399,89.6034,3.1
24.3629,89.6585,51.9
24.5132,89.5964,2.5
24.465,89.5967,46.8
24.5102,89.5233,28.7
24.2542,90.3413,8.5
24.5491,89.5055,0.5
24.4814,89.4628,13.1
24.5277,89.4339,0.5
24.4481,89.4834,0.5
24.4143,89.5096,50.1
24.4512,89.5452,14.2
24.15,89.588,81.8
24.134,89.5928,61.7
24.0887,89.639,187
24.1799,89.5915,39.9
24.1996,89.5608,26.8
24.2257,89.5768,50.1
24.2201,89.5931,195
24.222,89.6206,51.5
24.1661,89.6232,80.6
24.5936,89.6644,1.2
24.6141,89.6176,0.5
24.6491,89.642,52.6
24.6495,89.6417,63.6
24.6569,89.6445,384
24.6896,89.6275,4.4
24.6588,89.5496,11.9
24.7153,89.6943,0.7
24.6917,89.7034,0.5
24.6435,89.7212,0.5
24.6882,89.7813,1.3
24.5665,89.6371,39.4
24.5904,89.6436,118
24.4577,89.7058,2.1
24.4457,89.7149,23.1
24.4861,89.7039,12.1
24.5264,89.6875,2.4
24.4282,89.7053,4.5
24.3892,89.715,10.4
25.3319,89.5479,0.5
25.3892,89.5261,0.5
25.4116,89.5325,5.5
25.3941,89.5714,0.5
25.3759,89.5538,3.9
25.3272,89.5899,11.7
25.2494,89.5546,12
25.3063,89.5525,1.5
25.3248,89.5486,23.4
25.2984,89.4949,11.2
25.3302,89.4708,5.9
25.3348,89.5338,22
25.3307,89.5409,0.5
25.2719,89.3025,3.8
25.244,89.3111,10
25.2478,89.372,12.9
25.2823,89.3547,7.9
25.287,89.389,30.7
25.3135,89.4341,84
25.2539,89.4918,6.5
25.2409,89.5037,15.6
25.2551,89.4482,0.5
25.2829,89.356,18
25.1291,89.6257,0.5
25.184,89.6248,0.9
25.2063,89.6503,2.2
25.1904,89.5901,0.5
25.1903,89.5903,26.6
25.2559,89.5775,3
25.2953,89.5892,0.5
25.3178,89.601,3.5
25.5659,89.526,0.6
25.5659,89.526,7.2
25.5365,89.5545,3.4
25.4985,89.5957,8.8
25.4581,89.5959,2.2
25.4801,89.5568,8.8
25.5141,89.5168,0.5
25.5141,89.4846,33.6
25.5962,89.4541,708
25.5818,89.5172,18
25.7674,89.4235,2
25.7748,89.4453,5.8
25.7596,89.4491,9.5
25.7368,89.4399,4.6
25.7156,89.4715,5.9
25.7711,89.3946,2.1
25.7603,89.372,5.7
25.7651,89.3468,0.5
25.8067,89.3412,0.5
25.7624,89.313,0.5
25.8321,89.254,0.5
25.8001,89.3091,5.9
25.8588,89.2518,4.7
25.8546,89.2195,0.5
25.885,89.2001,1.2
25.8789,89.1596,0.5
25.9182,89.1606,7.8
25.9461,89.132,0.5
25.8665,89.1008,0.6
25.8267,89.1145,0.6
25.4159,89.3064,0.5
25.3491,89.3369,0.5
25.6918,88.972,0.5
25.4789,89.364,36
25.4789,89.364,7.7
25.484,89.3173,0.5
25.4973,89.2002,0.5
25.4744,89.2203,1.4
25.4307,89.2325,0.5
25.3339,89.2775,0.5
25.4088,89.3278,0.5
25.6568,89.4143,0.8
25.6581,89.4133,3.5
25.6124,89.4135,24.5
25.6163,89.4343,298
25.5972,89.4826,15.6
25.6433,89.4919,14.2
25.6719,89.5032,1.7
25.7018,89.4812,6.9
25.6995,89.4409,2.2
25.6992,89.3882,0.7
25.7049,89.3449,0.5
25.6651,89.3567,0.5
25.7599,88.4887,0.5
25.7253,88.4647,0.5
25.7885,88.4534,0.5
25.7895,88.4225,1.2
25.8389,88.4553,0.5
25.8383,88.4719,2.4
25.6566,88.6025,0.5
25.734,88.5974,0.5
25.6941,88.5639,0.5
25.717,88.5406,3.9
25.6952,88.4874,9.2
25.626,88.521,0.9
25.5643,88.537,0.5
25.6308,88.5471,0.5
25.9068,88.5924,0.5
25.9238,88.5546,0.5
25.9122,88.5345,50.9
25.9438,88.64,6.1
26.0203,88.6286,54.2
25.9989,88.6915,0.5
25.9197,88.7208,6
25.8964,88.6947,0.5
25.856,88.6497,0.5
25.5753,88.9407,0.5
25.5433,88.9526,0.5
25.5866,88.967,0.5
25.6107,88.9777,0.5
25.6943,88.9098,0.5
25.6689,88.9183,1.5
25.6631,88.8843,0.5
25.6602,88.8418,0.5
25.5315,88.9489,0.8
25.4418,88.9734,0.5
25.4588,88.9691,0.5
25.5079,88.8236,0.5
25.5001,88.9501,4.7
25.4235,88.8995,0.5
25.4622,88.9286,0.5
25.2559,89.2425,0.5
25.2748,89.24,0.5
25.2971,89.2149,0.5
25.322,89.1927,0.5
25.2614,89.1877,0.5
25.2451,89.2843,0.5
25.3048,89.0091,0.5
25.2766,89.0131,0.5
25.2793,89.1275,1.3
25.2802,89.0664,1
25.0546,88.7627,6.6
25.0806,88.792,0.5
25.0144,88.8027,0.5
25.0503,88.7465,0.5
25.0201,88.6885,0.5
25.0626,88.7328,3.2
25.0832,88.6853,1.3
25.0974,88.6924,0.5
25.1063,88.6311,0.5
25.1615,88.7711,0.5
25.174,88.7508,0.5
25.1208,88.7641,0.5
25.1305,88.783,0.5
25.1529,88.8292,0.5
25.0786,88.9325,0.5
25.1208,88.927,5.5
25.1394,88.8846,0.5
25.0584,88.8211,0.5
25.025,88.42,0.5
25.0306,88.5066,0.5
25.0048,88.4993,0.5
24.9509,88.4857,0.5
25.0202,88.579,0.5
25.0256,88.5944,0.5
24.7031,88.9273,0.5
24.6765,88.9317,0.6
24.7117,88.9184,0.6
24.7305,88.9369,0.5
24.7064,89.1043,1.1
24.7161,89.0865,0.5
24.7728,89.052,0.5
24.7388,88.9604,0.5
24.7425,88.6811,0.5
24.7042,88.65,9.1
24.6833,88.68,2.2
24.6992,88.7117,244
24.7692,88.7083,164
24.76,88.7167,2.4
24.8117,88.7683,14.2
24.7733,88.8,0.9
24.7183,88.775,4.7
25.1039,88.5713,0.5
25.0296,88.6054,0.7
25.0492,88.5857,0.5